store_visits,online_purchases,web_session_time,monthly_spending
4,3,38.52,149.86
1,3,50.96,72.02
3,3,31.08,167.55
3,2,43.5,108.8
2,0,36.32,49.53
3,4,79.0,114.39
2,1,67.05,74.51
3,2,60.95,105.23
0,3,22.65,88.08
2,5,57.96,167.86
4,1,47.82,129.49
2,2,63.35,99.85
1,2,49.84,69.1
3,3,44.9,78.81
4,3,48.51,178.35
4,1,17.92,98.9
1,4,33.49,70.63
2,2,50.6,59.04
3,3,62.09,137.54
2,1,36.74,75.0
3,3,44.39,82.46
4,1,20.99,112.19
1,1,66.89,51.31
3,1,61.71,78.46
3,4,54.78,151.65
3,2,51.1,102.59
5,0,68.29,123.23
0,1,32.92,38.24
1,4,31.3,128.55
4,1,60.92,105.19
3,1,59.91,85.63
1,3,27.1,48.82
7,0,37.03,84.83
3,1,70.34,93.34
4,1,51.18,108.13
2,2,56.81,77.98
1,2,27.61,59.22
4,1,54.85,75.77
4,2,23.71,195.98
1,1,15.3,51.71
2,2,55.9,70.97
3,2,66.52,128.98
5,4,41.19,162.41
5,1,36.8,85.66
3,4,70.66,130.14
2,3,42.08,74.83
3,3,44.01,131.01
3,1,70.41,72.7
1,3,39.7,74.56
6,2,35.19,121.83
1,2,57.23,52.13
5,1,34.32,131.94
4,1,42.83,97.27
3,0,25.21,99.89
2,3,47.78,106.69
3,3,46.02,115.63
2,3,59.52,75.94
6,1,57.86,149.18
2,1,53.27,68.19
6,1,50.91,116.64
3,6,43.9,181.76
0,3,54.14,95.06
5,1,28.32,104.35
0,4,9.77,98.26
6,1,62.43,155.32
2,1,55.11,83.79
4,2,43.1,169.46
3,0,61.12,57.62
5,2,34.03,205.84
8,0,34.42,115.04
4,1,32.34,161.63
1,3,53.51,136.7
3,3,21.26,56.77
0,2,33.5,61.91
0,1,49.35,27.64
2,0,26.94,69.24
4,2,35.1,98.23
1,1,11.83,44.19
5,2,54.09,162.13
3,4,34.68,131.66
0,1,28.51,27.42
4,4,25.57,184.45
1,0,38.73,23.14
6,1,21.3,129.07
3,0,74.14,101.37
1,1,9.23,40.6
1,1,38.24,42.48
0,5,46.6,64.94
3,1,33.37,98.69
2,1,48.18,44.85
4,0,33.01,115.65
5,3,67.95,159.52
1,2,28.22,83.64
0,2,9.73,17.82
5,2,25.52,160.13
5,3,50.8,180.16
1,1,43.23,38.82
0,1,56.28,16.74
2,1,52.53,74.88
2,3,35.46,54.45
2,4,37.66,136.83
6,3,39.22,78.27
6,0,73.27,84.53
5,3,55.36,173.57
5,3,73.38,175.07
0,0,57.61,0.0
2,3,44.05,135.17
5,4,29.71,141.45
5,1,48.02,143.19
1,3,44.09,128.37
4,2,43.6,152.44
3,1,41.86,67.24
2,5,14.21,185.49
2,1,63.91,68.73
2,0,44.24,60.75
6,2,23.79,200.64
4,1,52.23,107.14
1,4,32.16,123.46
1,1,53.43,28.35
1,1,58.22,35.58
5,2,60.29,141.23
3,1,42.59,81.9
1,3,38.79,84.48
3,5,35.62,192.8
6,1,34.16,163.71
2,2,44.74,115.49
5,3,41.86,177.09
2,3,32.62,145.63
1,3,27.84,81.75
7,2,43.37,99.0
8,0,38.49,159.75
0,2,27.88,49.68
3,3,57.46,166.91
6,2,71.58,141.83
1,0,59.44,16.51
9,3,34.2,286.0
3,4,44.25,146.15
3,1,68.11,77.64
6,4,27.39,221.95
2,0,56.74,40.76
0,3,23.28,64.01
4,3,70.26,181.02
0,3,38.55,85.22
3,3,78.44,136.64
5,2,70.92,139.09
5,1,43.4,176.81
4,3,34.21,144.36
1,1,47.92,53.94
1,3,42.3,103.43
1,3,38.98,63.86
2,3,20.13,117.52
3,2,37.28,115.79
1,3,28.34,122.26
1,1,53.27,27.59
1,2,59.87,61.7
2,1,56.11,69.11
3,4,50.14,149.53
2,3,32.21,69.7
2,4,48.08,50.24
3,4,56.89,127.16
2,4,36.21,144.06
4,4,46.78,171.0
4,1,42.82,72.96
1,0,69.94,22.13
2,0,57.77,39.52
1,4,54.14,119.02
2,3,19.25,137.33
3,0,47.59,33.41
2,1,42.67,63.14
4,2,42.55,144.79
3,1,21.55,61.69
4,1,28.68,95.07
1,6,43.98,173.97
1,1,61.72,64.84
1,2,36.14,72.45
2,0,39.0,39.15
2,1,71.72,71.94
5,1,40.55,116.26
5,2,43.07,111.99
2,1,43.27,73.63
2,0,24.82,49.87
3,1,53.58,103.69
2,3,35.21,130.74
1,1,44.55,49.3
2,1,51.67,63.65
5,3,74.14,137.12
5,3,25.23,146.76
3,1,57.97,109.97
4,0,58.03,120.91
1,4,35.43,120.6
3,2,53.99,151.58
4,1,69.65,115.13
3,3,33.53,156.76
3,1,48.62,93.78
3,1,51.07,73.47
3,4,53.01,167.52
5,4,56.54,145.33
3,1,47.49,80.34
5,2,52.7,100.29
2,4,31.33,160.82
2,2,47.46,76.64
5,2,37.85,131.42
3,1,26.55,45.38
3,2,37.36,110.19
3,1,49.04,72.17
6,3,51.54,163.2
6,4,25.97,183.16
3,3,30.93,105.58
5,1,55.87,128.43
2,0,52.62,62.44
4,1,58.31,106.2
3,4,65.52,72.42
2,1,53.07,41.46
4,2,38.78,126.78
1,0,46.72,22.24
3,5,69.9,176.54
1,2,86.47,57.12
3,1,51.95,100.34
3,3,53.03,133.35
1,4,55.89,103.91
2,1,45.36,80.11
4,1,62.46,103.81
2,4,60.12,42.08
5,4,50.32,106.51
0,1,40.23,20.99
3,2,22.19,119.18
2,3,55.99,127.1
0,2,48.19,38.7
2,3,33.93,78.09
2,2,28.05,39.93
4,8,54.92,278.99
2,2,20.98,105.62
1,1,49.49,42.9
1,1,57.65,32.77
0,0,53.25,0.0
2,0,39.14,34.72
4,2,26.26,152.19
3,1,53.81,93.46
5,3,63.01,184.01
5,2,36.41,176.31
3,1,52.6,117.47
4,1,68.72,81.49
1,2,50.08,73.16
3,4,39.05,193.83
4,2,60.61,145.88
4,2,33.94,95.2
3,1,25.53,126.8
2,1,57.18,72.61
2,1,38.91,75.74
3,1,40.25,116.79
3,2,35.6,111.16
4,2,37.91,149.76
0,4,66.05,70.11
2,3,69.94,135.76
4,4,71.92,169.52
2,5,61.35,163.77
4,3,51.99,166.66
3,2,23.52,149.79
2,1,42.19,78.96
3,3,77.35,150.47
7,2,38.47,170.45
3,0,67.71,73.48
5,4,45.83,202.35
8,3,4.83,235.25
1,2,54.61,66.96
2,0,63.99,44.37
2,1,44.27,61.88
1,6,63.5,250.15
3,1,19.98,68.01
4,3,24.22,166.71
1,2,48.07,49.49
7,4,52.16,278.91
6,0,65.35,137.83
2,2,54.58,121.24
2,3,27.1,139.45
1,1,48.2,31.97
0,0,54.01,0.0
4,1,16.89,117.66
3,4,44.35,123.97
4,2,39.97,83.65
5,1,35.18,109.39
1,1,52.48,26.9
1,2,27.75,50.89
2,1,51.25,69.95
6,3,53.39,196.15
3,4,61.26,69.1
3,2,28.15,115.2
2,2,22.42,64.26
6,4,49.18,257.07
1,1,40.71,36.83
3,1,88.54,44.8
1,2,51.88,70.75
2,1,45.87,67.35
4,1,42.41,101.32
5,3,26.73,158.18
8,5,53.46,211.15
2,3,43.81,137.29
2,1,43.83,61.17
4,2,46.42,99.63
0,6,48.32,146.92
4,1,18.91,105.93
3,2,57.56,132.2
6,4,32.3,261.18
2,3,42.93,153.72
2,2,64.29,73.45
3,0,71.69,42.33
6,5,19.49,319.88
0,0,45.45,0.0
4,1,49.09,57.32
4,2,22.39,131.86
3,2,57.04,146.1
4,4,46.74,226.64
4,3,47.91,223.06
4,2,31.24,96.5
1,2,51.19,53.9
5,1,57.57,158.24
6,1,46.91,165.19
0,1,37.29,2.73
4,6,38.46,104.77
2,0,48.31,51.57
2,3,45.73,165.28
3,4,58.57,82.44
1,3,37.8,134.99
1,3,26.72,86.74
5,0,50.39,91.66
0,0,37.84,0.0
2,2,56.76,53.49
3,2,45.11,97.12
2,0,54.82,23.89
2,1,29.79,69.02
1,0,47.15,31.17
1,6,34.51,85.96
3,2,26.69,107.81
1,5,32.08,104.17
2,4,36.83,176.62
0,1,63.67,1.86
1,4,36.44,153.08
7,4,25.93,149.57
6,2,46.97,178.81
1,1,45.44,21.07
1,2,37.62,66.12
4,2,42.58,75.06
5,2,59.64,175.01
5,4,55.06,167.17
0,0,53.76,0.0
5,1,27.24,170.18
3,1,88.3,86.36
7,2,60.77,215.77
3,3,52.76,117.59
3,0,27.54,32.81
3,1,59.22,67.69
4,1,37.48,109.16
4,0,42.09,93.42
3,1,19.79,80.63
3,2,26.38,81.85
3,1,51.58,79.18
2,2,60.09,78.86
4,3,55.27,197.19
1,3,54.76,129.93
0,2,44.03,65.79
7,2,38.9,127.67
1,0,49.33,25.98
1,1,57.32,56.84
1,1,45.07,46.98
3,2,63.15,115.33
1,6,41.77,203.23
3,1,30.3,86.9
6,1,44.84,169.6
1,3,46.59,88.14
2,4,43.77,57.28
3,1,64.21,82.36
3,2,57.08,145.85
7,2,23.54,129.28
5,1,68.02,148.45
2,1,3.88,73.27
1,0,77.27,21.91
7,1,40.69,207.96
5,2,42.16,136.87
3,3,44.1,118.46
2,2,50.78,112.99
3,5,45.0,97.5
2,1,43.0,55.96
4,1,64.63,127.68
3,1,53.48,66.07
3,3,30.62,123.44
6,2,56.11,236.84
1,0,52.86,17.17
4,2,36.82,131.39
2,2,56.88,83.92
2,1,42.64,44.86
3,0,41.67,62.97
3,1,41.27,95.35
1,3,8.58,75.64
3,1,37.1,69.11
2,5,55.7,187.07
4,2,44.66,83.84
6,3,25.72,104.8
5,2,59.47,137.97
5,0,40.52,112.94
3,1,26.68,105.59
3,1,78.09,100.58
0,3,29.2,51.7
3,4,58.19,158.86
4,2,33.46,111.56
6,3,47.04,258.2
2,0,31.47,52.67
1,0,26.41,18.16
2,1,52.83,70.46
2,2,51.08,93.23
1,2,62.17,41.69
2,2,44.48,87.26
5,2,78.31,119.8
6,0,49.03,105.3
4,2,53.5,196.29
2,1,24.62,48.91
5,0,35.79,25.07
4,1,52.8,119.17
3,1,43.74,96.42
4,0,47.82,80.37
0,2,32.75,43.75
2,2,46.83,53.86
2,2,46.78,98.09
3,2,27.29,98.89
5,0,54.64,85.36
3,3,19.5,145.52
5,0,47.76,76.15
2,2,71.48,92.8
4,0,55.21,94.06
5,4,55.11,153.17
2,0,31.54,36.73
1,5,71.54,48.65
0,4,65.65,101.73
4,0,32.35,87.08
3,0,37.88,67.26
4,2,63.82,116.67
1,3,71.94,72.7
1,1,26.03,42.03
2,1,29.94,75.71
2,2,42.84,77.39
1,4,12.43,96.22
2,1,45.29,61.23
5,1,62.79,117.61
2,0,23.42,49.53
3,1,46.91,62.48
4,0,36.27,107.61
2,1,69.6,85.95
2,2,36.45,109.48
2,3,67.78,103.33
5,1,36.04,140.96
3,4,56.57,220.71
2,3,48.78,102.99
4,2,42.93,60.88
7,1,33.14,190.16
1,3,49.85,146.07
7,3,38.39,207.17
3,2,34.65,93.69
1,1,67.09,46.4
2,2,53.21,111.77
1,2,54.65,70.72
4,4,39.13,153.44
3,1,42.21,105.87
2,0,41.27,32.31
1,7,50.06,223.03
2,1,54.63,78.83
3,2,44.55,82.97
3,1,33.11,90.43
1,7,56.41,178.85
7,1,45.5,153.26
2,4,23.39,190.34
3,0,12.97,48.43
4,1,49.47,90.39
3,3,32.56,55.91
6,5,51.47,308.81
5,3,33.37,140.58
2,1,47.0,76.36
1,1,39.32,41.36
5,3,71.28,102.99
3,1,59.25,108.37
5,3,65.21,206.5
1,2,45.36,78.88
3,0,57.34,64.53
3,0,46.37,45.59
3,2,67.04,100.24
2,3,43.91,61.09
1,1,24.04,33.17
4,2,15.02,104.12
1,1,70.02,37.75
7,1,52.18,215.56
2,1,53.16,73.91
3,3,67.34,145.41
3,1,20.22,52.13
6,4,39.62,201.58
2,3,41.46,108.4
1,4,56.13,94.18
5,2,34.61,174.4
2,1,26.98,58.68
6,1,26.84,183.61
3,2,62.24,124.56
4,2,33.86,75.9
2,2,36.72,78.55
0,4,54.52,131.7
3,1,34.52,129.13
5,2,19.43,99.53
3,1,21.27,75.45
2,1,44.15,90.94
3,3,52.46,64.53
3,1,41.97,78.31
2,4,51.46,237.7
2,2,20.81,90.18
3,0,21.82,55.36
2,5,78.81,203.47
1,3,63.49,99.23
2,2,56.53,99.51
4,0,35.1,68.29
4,0,41.43,62.48
4,4,44.97,204.13
3,1,64.72,100.6
3,1,51.04,84.97
1,1,52.89,46.02
4,4,42.49,166.9
2,1,56.89,78.11
2,6,49.53,147.89
2,3,45.66,102.03
6,0,33.85,150.48
1,1,43.3,39.71
2,3,28.81,110.57
2,2,44.4,116.26
2,2,46.33,64.3
5,2,8.93,135.1
3,1,41.54,71.95
1,1,27.36,45.48
3,2,52.48,95.91
5,1,54.56,108.91
4,2,38.6,113.35
4,2,53.24,81.6
5,2,53.87,110.91
2,2,41.55,97.36
3,3,68.01,125.94
2,1,34.12,51.21
8,6,67.07,360.98
3,2,41.62,128.45
4,1,32.35,112.8
5,0,39.73,95.77
4,2,28.51,129.73
3,1,56.77,115.01
3,1,20.96,109.74
1,1,65.84,53.15
4,1,30.96,109.18
4,2,57.55,104.34
3,0,45.36,47.11
2,1,49.06,78.55
5,3,36.15,219.3
1,1,50.29,36.28
7,2,47.02,191.19
3,1,23.13,93.62
4,0,30.56,89.35
2,3,36.89,89.9
0,1,33.68,22.1
4,7,63.79,240.8
3,3,45.11,112.22
4,0,33.32,97.14
3,3,37.64,132.3
1,3,37.43,96.58
0,3,40.68,106.05
3,0,28.87,77.6
2,0,32.79,17.28
6,1,56.5,160.32
2,2,47.78,118.41
4,1,42.71,100.96
3,7,45.04,165.9
7,1,44.32,208.24
5,0,41.86,76.83
4,2,52.76,120.86
1,3,51.65,110.09
6,3,21.42,143.7
1,2,43.03,73.17
2,2,22.41,113.92
1,1,54.53,57.34
3,1,56.51,97.21
2,2,35.84,102.78
1,1,43.25,72.11
0,1,13.33,35.3
1,3,59.59,89.8
1,2,55.65,78.6
5,2,62.25,124.49
2,1,67.3,65.58
6,2,26.64,150.07
2,3,58.32,142.87
5,1,67.19,107.03
2,3,22.58,70.44
1,3,42.43,102.16
1,2,39.55,85.05
2,3,57.83,92.26
3,6,9.09,200.91
2,3,72.24,147.83
1,1,43.31,23.67
5,2,58.74,146.89
5,2,44.1,175.82
2,2,52.38,86.05
1,3,10.18,79.53
3,2,39.23,122.7
0,5,57.72,166.3
2,2,49.33,70.58
6,0,20.45,109.17
7,0,45.92,173.64
3,1,32.72,112.11
3,3,31.42,142.59
3,1,22.19,102.73
1,1,54.28,28.8
3,2,61.7,136.71
4,1,76.8,98.04
4,2,22.89,152.29
1,3,56.51,108.47
3,5,57.5,244.22
0,3,36.29,70.36
2,1,31.24,49.71
4,3,28.71,84.3
6,0,37.09,135.3
3,5,48.04,210.89
2,3,65.4,120.46
4,1,61.58,76.3
2,3,20.77,141.58
4,0,33.17,60.2
2,4,64.49,247.63
6,2,34.03,208.09
2,0,44.15,43.67
0,0,19.42,0.0
5,1,62.3,126.57
3,1,16.31,75.32
2,1,20.36,59.86
5,0,60.76,66.43
4,2,73.8,112.41
4,3,40.64,154.52
7,2,44.3,187.78
2,1,58.62,57.48
2,3,49.34,124.36
5,1,39.4,84.45
4,5,37.72,249.54
3,2,21.5,86.63
2,2,48.49,77.48
4,4,43.62,130.4
4,1,38.43,112.03
5,0,29.97,138.95
1,3,31.49,88.63
2,1,54.28,78.13
1,1,58.22,50.08
4,4,40.09,141.17
1,2,38.51,67.76
3,1,32.2,86.17
1,3,59.05,117.44
2,1,45.46,69.04
5,3,50.52,151.51
4,4,50.38,182.61
3,4,40.38,169.34
3,1,27.52,85.08
5,4,30.06,191.79
3,0,61.92,69.4
2,0,34.11,21.96
1,0,38.84,29.63
2,1,27.98,72.89
1,4,26.76,128.25
2,1,33.46,78.41
1,2,70.33,37.35
3,1,54.87,102.15
3,5,37.1,148.48
6,1,61.24,93.08
5,1,42.72,108.04
6,2,65.32,173.49
1,2,78.18,67.91
2,2,60.42,108.05
4,2,46.42,90.31
2,1,55.49,88.22
1,2,45.23,117.65
4,4,17.46,240.41
4,4,35.18,214.92
1,4,30.73,107.3
4,4,34.85,156.24
3,1,71.91,103.86
1,6,61.83,228.23
2,4,51.61,170.62
1,2,57.19,78.47
2,1,16.62,66.98
2,1,55.92,49.04
3,2,59.09,155.58
4,4,11.4,172.83
4,2,56.48,127.02
0,1,23.64,36.21
3,4,15.45,173.22
0,1,64.89,24.81
3,3,29.89,176.51
1,6,34.26,206.48
4,0,59.84,87.67
5,3,40.42,188.63
1,3,42.3,108.62
3,2,41.97,85.45
3,0,50.21,68.04
3,4,41.6,175.96
2,6,46.71,193.67
3,3,37.45,175.22
3,3,50.28,163.91
4,1,49.71,139.96
3,1,73.47,75.01
1,2,39.28,124.82
2,2,42.24,101.58
4,2,48.58,172.69
1,2,59.47,23.66
4,2,28.63,170.72
2,4,46.55,92.34
1,2,7.38,48.53
5,0,40.93,106.15
6,2,61.09,155.36
1,2,34.11,106.6
7,3,47.65,311.87
4,2,37.07,151.3
3,3,32.11,108.97
3,2,59.57,105.9
0,4,29.32,146.24
3,1,49.39,62.71
3,1,49.63,79.37
1,1,32.22,55.69
0,1,47.34,21.89
2,2,30.98,72.7
4,3,52.83,180.31
6,7,25.28,301.7
3,3,39.91,178.65
3,2,41.21,77.41
2,2,61.69,89.31
1,2,47.1,50.74
0,1,59.33,26.51
2,1,53.32,63.01
6,3,53.22,124.42
6,3,40.02,289.8
3,3,60.31,83.51
3,2,39.66,179.75
2,4,19.05,181.15
5,2,41.78,121.55
3,2,51.8,80.8
2,2,20.9,53.69
2,1,31.72,82.95
2,2,26.54,89.06
3,0,56.8,73.13
1,3,70.09,68.03
6,3,41.85,282.58
4,3,52.97,105.65
6,3,52.58,180.01
2,1,68.31,68.37
5,1,35.21,214.21
2,2,41.7,85.71
3,2,39.89,104.22
6,0,46.13,140.2
6,0,82.56,101.91
5,0,45.46,106.56
4,2,32.18,133.55
3,1,27.68,92.11
1,3,63.79,38.53
4,1,32.11,95.67
3,2,54.95,88.88
4,3,34.8,94.74
2,1,26.0,62.12
2,4,54.08,121.66
4,1,35.54,57.48
4,2,51.38,147.09
1,1,52.49,51.53
2,4,53.19,154.94
4,4,40.98,201.68
2,0,55.29,55.8
3,3,31.16,109.16
5,1,8.19,124.15
2,2,55.6,103.87
2,0,47.48,46.36
2,2,35.85,103.13
2,3,22.93,73.59
4,0,14.45,63.94
2,4,45.78,90.54
2,0,69.73,59.57
3,6,42.92,188.01
2,4,39.58,130.92
2,7,44.63,174.2
2,0,77.69,39.83
5,2,56.28,113.8
4,0,31.0,109.96
4,1,45.42,77.91
4,2,49.99,164.86
4,2,29.15,185.25
4,2,56.39,130.05
0,1,32.73,16.89
1,4,22.34,127.19
4,2,46.14,104.73
1,3,43.77,104.89
4,2,44.98,149.32
1,3,33.53,69.81
2,1,35.62,51.23
2,2,61.93,100.92
1,5,51.62,128.98
4,3,30.65,84.68
7,2,15.74,196.13
3,0,31.28,55.23
4,1,47.36,146.6
5,2,35.52,176.48
3,4,34.36,215.78
2,1,36.16,65.57
3,5,43.91,172.31
2,3,56.77,96.38
2,2,44.99,120.05
4,5,45.93,229.94
1,3,41.63,54.56
5,1,37.51,112.22
2,2,58.41,72.64
3,3,56.14,88.17
6,0,75.68,84.65
3,2,54.16,75.74
3,3,37.52,91.47
7,2,31.43,197.82
3,0,59.29,73.27
1,1,32.78,36.47
0,1,57.15,40.19
3,2,33.6,74.44
1,2,50.24,51.86
2,3,29.1,140.65
1,4,56.7,98.61
3,2,26.49,101.5
1,0,49.09,19.94
2,0,42.03,30.93
4,3,46.53,140.54
3,2,39.06,103.86
4,1,38.71,80.09
2,5,47.32,121.37
2,1,29.97,62.35
3,3,29.88,163.62
1,4,39.62,179.62
2,4,39.04,189.41
4,6,29.92,256.56
6,1,58.86,161.26
4,4,39.98,117.83
1,4,41.6,94.91
4,1,25.09,99.55
4,1,76.07,135.99
1,3,81.41,104.0
5,7,33.29,341.2
2,7,63.39,278.62
1,1,43.62,38.15
4,2,69.06,148.63
3,3,50.04,134.01
3,2,46.5,104.38
6,4,7.51,149.56
4,3,31.82,148.42
9,0,45.31,173.98
3,1,47.98,111.2
2,1,26.78,64.71
3,4,34.07,168.93
2,5,53.3,165.4
5,2,24.25,159.88
4,2,47.01,128.37
3,6,63.57,185.33
5,2,50.78,145.05
3,3,50.03,199.97
1,2,14.7,39.86
3,5,32.67,99.46
7,0,75.81,172.64
3,0,36.01,85.02
2,0,63.97,42.21
5,1,35.84,104.76
2,3,40.83,61.46
4,1,52.73,38.49
1,3,46.51,144.59
3,1,50.72,69.22
8,3,32.72,207.89
3,1,27.96,63.96
5,4,31.71,233.68
6,1,37.02,156.06
5,6,41.56,205.6
4,6,60.56,206.36
3,3,46.31,152.7
4,1,52.27,118.52
0,1,47.12,19.45
8,2,28.27,232.53
2,2,45.26,106.42
4,0,46.96,85.85
0,2,56.4,48.94
1,1,28.97,38.97
7,5,14.39,238.91
4,1,47.64,82.33
5,1,50.31,101.37
1,2,42.31,42.71
5,0,45.42,102.82
1,1,58.18,39.64
2,3,38.12,134.27
1,0,40.82,24.19
4,4,46.19,170.21
3,1,26.7,76.68
1,0,42.72,27.83
3,4,44.04,148.1
2,3,69.56,143.33
2,1,40.53,49.85
1,3,48.0,130.47
3,2,58.78,138.76
2,3,32.44,111.38
3,1,65.64,125.61
3,1,71.46,91.5
5,2,44.57,99.71
6,1,36.91,154.88
3,6,69.41,212.24
5,3,56.93,155.94
2,5,46.23,195.9
2,1,66.4,74.89
4,1,64.81,112.29
3,3,39.96,147.36
2,0,48.73,57.92
1,1,53.65,39.1
5,0,45.43,82.82
3,2,24.14,111.81
4,2,30.93,99.47
1,2,24.63,78.8
3,1,52.39,84.87
4,1,27.23,108.52
2,1,47.89,90.13
2,1,72.48,81.99
2,1,66.42,91.87
4,0,17.44,90.61
5,2,25.82,139.48
2,3,33.35,132.76
2,2,27.46,89.86
4,6,20.19,224.43
0,2,44.84,59.85
3,7,55.58,235.17
0,0,59.31,0.0
2,2,37.88,110.09
2,2,40.92,95.0
1,4,50.34,29.55
4,2,43.37,197.86
5,1,57.16,85.68
1,1,51.46,41.62
4,6,39.36,281.83
0,3,17.15,117.27
6,0,67.49,182.35
5,2,34.71,150.13
1,5,50.36,204.28
5,1,16.25,131.76
1,2,44.83,132.82
4,0,46.5,128.49
2,3,47.23,107.83
1,1,90.21,39.78
3,2,35.53,56.35
3,2,57.31,122.08
6,3,52.85,281.62
0,3,34.82,97.36
3,1,57.09,26.45
5,1,42.54,120.36
1,1,58.13,55.81
3,0,74.41,63.3
4,5,47.26,212.27
2,2,40.78,119.35
3,2,60.77,90.98
7,2,65.95,213.61
1,2,31.75,67.2
3,1,38.21,67.5
3,1,55.13,81.31
1,1,43.02,53.91
1,0,30.69,19.81
2,4,53.11,92.25
2,3,55.07,94.25
6,2,39.98,164.88
1,5,45.92,165.89
3,4,36.35,132.73
3,3,28.57,126.17
4,3,37.54,149.75
2,2,46.11,16.82
3,1,22.87,100.0
4,4,38.64,117.92
2,3,46.32,67.49
3,2,62.92,136.66
2,5,40.31,165.51
4,3,26.31,160.35
1,1,41.86,57.37
3,1,36.5,109.78
5,3,53.28,260.65
2,0,39.93,55.48
4,4,4.34,155.24
2,1,100.37,85.57
1,1,47.14,45.79
3,2,46.34,128.4
4,3,21.88,157.06
7,2,23.03,215.93
4,2,43.62,131.65
6,2,50.04,185.05
4,1,55.53,111.08
1,1,48.56,68.66
1,3,27.21,21.79
7,0,7.43,103.07
4,2,43.5,107.3
3,3,36.99,69.65
3,4,26.06,163.3
3,5,57.42,226.71
3,0,21.37,35.36
1,2,54.25,76.19
1,2,23.85,80.44
3,1,47.01,39.82
0,0,59.01,0.0
3,1,39.93,89.31
3,3,70.35,154.63
0,1,73.77,25.44
2,2,48.56,90.14
1,0,53.12,18.16
2,2,60.91,64.14
4,4,53.17,202.82
4,1,51.56,78.78
1,2,37.14,74.84
3,2,19.69,102.32
3,1,24.15,58.19
2,4,80.74,70.07
2,1,49.84,52.67
3,1,41.31,71.96
2,1,63.95,69.09
3,3,33.76,143.17
2,3,53.75,143.72
1,3,46.16,133.0
0,4,51.9,142.93
3,2,39.95,99.47
4,3,30.53,155.17
4,0,32.66,114.76
3,2,33.24,93.83
3,1,44.96,95.33
6,1,21.66,163.92
4,0,26.29,82.58
4,1,47.03,100.12
5,2,43.08,165.35
1,4,47.85,109.96
4,5,44.32,214.21
2,1,82.78,87.99
4,2,46.9,138.07
5,2,39.31,114.85
2,2,46.52,102.52
4,0,60.3,124.94
1,3,44.26,68.39
2,2,55.27,43.62
4,1,50.94,120.1
1,4,40.64,97.46
1,0,46.66,23.33
0,4,68.98,116.53
3,4,48.65,153.07
3,1,30.21,106.13
4,1,40.21,51.76
2,1,13.29,76.58
3,4,47.06,116.69
6,0,64.68,97.63
2,2,24.88,83.56
2,2,47.25,34.46
2,2,59.78,126.02
4,4,61.37,115.92
1,4,64.2,44.49
4,4,16.98,118.53
3,2,52.57,84.32
3,4,22.42,205.94
5,3,30.03,104.46
3,2,57.32,52.68
1,4,47.37,161.53
1,2,55.9,61.25
3,2,31.06,120.69
5,1,67.1,124.39
4,2,55.33,189.5
2,0,58.34,39.25
7,2,28.8,231.08
0,1,62.57,40.03
4,1,40.26,86.88
2,3,35.83,106.15
3,3,54.38,178.35
1,2,53.75,92.95
3,3,32.3,97.67
1,2,75.84,94.4
3,2,72.22,130.95
6,1,54.08,188.27
3,2,51.46,138.81
2,0,49.95,63.42
1,1,21.75,47.29
4,2,46.69,94.42
4,1,46.49,126.57
3,1,36.36,77.19
1,3,40.36,104.98
4,3,9.28,195.3
2,3,28.54,122.16
4,2,58.83,145.93
1,4,70.97,124.91
5,2,30.85,135.42
3,2,47.74,177.4
1,1,61.48,48.36
2,1,37.2,68.51
1,1,55.14,53.01
5,1,44.49,152.47
1,1,62.86,55.42
3,3,25.76,121.07
2,2,28.43,57.32
3,0,49.19,28.46
2,2,46.44,66.36
5,1,44.16,38.19
4,2,53.64,74.11
5,2,31.04,106.91
2,4,24.46,140.34
3,5,37.5,226.7
2,1,39.18,58.08
1,0,40.74,6.13
3,1,64.04,92.25
1,4,56.56,117.49
7,2,53.0,175.59
6,1,48.33,165.26
3,1,38.49,109.85
4,4,32.19,78.63
1,2,27.04,89.03
1,1,34.58,29.05
2,2,44.36,85.01
3,2,27.68,141.96
3,5,47.54,246.49
1,3,42.08,48.51
4,4,39.04,166.1
1,1,62.42,44.45
3,2,8.09,155.2
3,2,39.24,128.01
1,0,9.71,21.59
2,1,48.58,90.16
4,0,56.43,55.3
2,3,24.73,163.28
0,3,26.65,38.71
4,1,19.53,118.3
0,0,45.95,0.0
2,1,39.89,68.31
5,2,40.82,138.02
1,1,39.48,53.46
5,0,30.4,123.82
4,2,61.98,180.23
4,5,49.09,150.55
3,0,27.23,61.76
6,2,34.49,170.81
2,3,31.92,122.1
4,2,66.09,164.72
2,2,55.67,83.65
5,2,43.1,148.41
3,2,70.61,85.06
3,3,66.78,194.41
3,1,41.54,104.61
1,6,38.84,117.4
3,2,39.56,117.84
6,4,30.71,235.13
3,1,71.01,79.0
1,2,29.9,63.61
3,1,58.02,67.76
3,2,55.36,86.55
2,1,40.43,61.5
3,7,72.15,289.41
0,2,21.61,38.36
8,0,43.8,165.05
1,1,37.66,29.63
1,4,59.41,72.68
3,3,50.3,128.3
2,0,19.09,47.32
2,1,63.59,84.31
3,0,52.28,72.74
4,3,29.47,164.3
3,3,39.75,184.51
7,2,25.5,215.28
3,0,42.44,59.86
3,2,47.25,111.54
3,3,39.98,155.82
5,1,38.24,159.08
5,3,20.81,210.62
4,4,50.06,202.88
4,4,16.13,184.18
2,3,45.47,111.56
6,3,18.01,215.42
3,1,45.76,91.41
2,2,44.91,90.45
6,1,51.05,122.84
4,2,57.93,120.54
3,4,60.71,247.29
3,0,20.85,56.87
6,2,44.13,159.23
4,2,75.16,130.42
2,3,46.79,106.73
1,1,32.53,33.56
3,1,43.8,117.54
4,4,39.25,130.35
5,5,27.35,263.24
6,2,58.04,179.16
2,1,53.77,59.79
4,2,24.98,80.82
4,3,43.6,175.24
0,2,36.5,14.52
4,4,20.98,204.08
5,3,23.78,149.67
2,3,26.01,157.73
5,2,44.12,159.97
4,4,38.13,166.55
5,4,30.61,204.58
2,2,39.12,80.64
2,2,56.21,82.25
0,0,50.35,0.0
4,1,60.03,109.27
1,2,41.58,53.03
2,1,69.04,56.42
3,4,50.22,165.49
2,0,37.67,28.77
2,2,46.39,70.97
1,2,26.28,50.49
3,4,40.41,161.63
4,1,51.45,112.69
6,4,54.18,318.4
3,2,38.85,135.54
2,3,86.01,92.26
3,2,42.42,120.87
1,1,19.82,42.74
2,1,63.2,61.81
1,4,54.11,68.54
3,2,48.48,95.1
4,1,38.03,129.34
2,3,50.9,113.71
2,3,69.29,105.03
3,0,48.02,69.81
2,5,22.95,36.95
2,0,0.0,51.67
3,5,50.77,165.81
1,1,30.21,17.55
6,2,43.5,151.68
2,4,32.86,140.76
2,1,31.79,81.99
2,1,33.52,81.04
4,2,34.88,99.13
1,5,56.64,185.85
2,3,53.6,145.75
4,4,26.88,173.8
3,1,28.92,80.32
3,1,50.69,97.67
3,6,60.79,244.4
6,1,60.56,107.15
3,1,29.96,87.42
3,2,59.84,93.01
1,2,18.36,71.66
2,2,41.96,82.53
4,1,52.31,92.21
3,6,13.82,176.51
3,2,76.39,124.53
2,1,64.9,60.97
3,1,54.71,73.3
1,4,30.52,223.37
2,2,43.98,107.34
2,1,56.86,72.26
3,0,28.16,73.26
5,1,42.29,87.34
3,1,58.66,72.68
6,2,22.58,232.36
2,4,49.99,144.35
5,1,18.68,173.84
6,3,30.84,133.71
6,2,37.43,157.15
3,2,52.7,104.42
4,4,34.49,201.28
3,1,46.88,50.9
2,1,34.69,51.98
5,2,37.04,169.22
4,2,63.76,181.42
2,3,27.75,107.66
0,1,56.39,37.07
0,3,44.98,31.02
5,1,36.37,90.73
6,1,26.74,84.32
1,3,27.81,110.28
2,2,33.92,102.89
5,5,42.75,300.29
4,0,54.05,98.71
3,6,40.5,192.67
2,1,41.5,70.55
0,2,43.74,23.24
4,4,52.15,228.77
5,3,54.67,205.25
2,3,24.2,131.93
3,1,40.77,78.39
7,2,63.41,174.66
5,4,25.26,114.73
3,0,46.11,67.12
1,2,42.44,80.33
3,2,36.5,150.89
4,1,68.86,111.07
1,1,45.55,50.63
3,4,67.67,216.15
3,3,45.08,166.14
4,4,51.9,164.82
1,2,36.34,61.98
2,3,36.51,79.54
3,2,51.14,99.92
2,3,51.42,162.13
1,3,53.97,101.95
1,0,50.65,19.87
3,1,24.95,63.43
0,3,32.9,76.61
3,2,57.75,118.88
1,1,15.62,39.76
1,1,49.39,59.92
7,1,43.32,101.07
3,2,57.74,76.0
2,3,51.25,117.36
4,1,35.04,93.27
4,0,34.36,73.64
0,1,37.16,32.1
3,1,53.7,99.79
3,1,10.47,96.67
7,2,47.36,242.14
3,1,31.75,72.33
2,3,47.86,79.66
4,0,50.17,67.73
2,7,20.07,212.49
2,2,41.6,100.15
3,1,47.33,81.71
0,3,46.32,48.31
0,1,43.17,35.55
3,2,26.69,151.02
4,0,28.97,93.14
6,3,24.33,185.86
4,2,53.31,156.34
2,4,43.27,132.76
2,0,44.22,46.15
8,3,19.42,223.4
4,1,44.5,93.1
3,2,54.5,90.67
1,1,17.37,75.39
2,2,36.97,107.18
1,3,21.44,133.83
3,3,38.7,112.66
4,4,31.49,223.61
0,1,50.71,19.54
2,2,47.54,86.84
5,2,64.37,131.64
5,2,44.19,151.68
3,1,50.08,101.87
1,3,36.63,52.96
3,2,28.45,85.33
2,3,57.52,135.46
5,1,63.65,93.81
1,0,55.58,17.5
3,1,46.97,96.32
3,0,30.39,70.13
4,3,62.12,101.14
2,3,53.69,106.48
2,1,75.37,63.4
1,1,27.68,45.64
0,1,57.94,30.26
2,1,53.24,104.71
2,2,39.87,92.97
1,0,65.46,20.22
5,1,51.04,126.04
7,4,30.95,249.1
2,1,43.22,56.34
2,4,30.77,146.06
2,1,37.97,39.35
1,1,55.56,42.45
2,1,59.84,57.71
2,1,48.32,52.15
5,1,33.75,119.43
0,0,50.72,0.0
3,2,55.85,118.51
2,0,15.42,35.31
5,3,46.75,163.36
3,1,42.15,88.72
5,4,59.31,228.44
6,1,50.79,122.07
3,2,52.27,105.2
5,4,37.77,180.86
2,0,45.02,32.78
0,2,59.16,56.69
6,2,44.03,180.63
5,1,47.62,91.56
3,3,21.96,83.93
6,3,43.97,118.06
3,2,14.82,76.66
1,4,37.26,156.11
0,1,45.95,39.91
2,2,56.51,103.66
2,4,30.01,190.01
4,1,50.61,84.94
5,2,67.03,181.54
1,0,35.39,20.44
4,0,21.79,117.74
3,2,49.35,127.47
2,3,27.12,108.95
3,0,32.72,75.07
2,5,58.85,127.64
3,1,73.15,111.59
5,5,29.99,295.94
2,2,33.94,73.35
5,5,38.4,182.54
1,2,36.78,68.4
0,2,74.0,48.6
4,5,37.04,209.61
6,0,39.18,114.41
4,4,69.24,179.15
3,2,53.65,138.01
5,4,59.79,191.9
2,1,31.41,51.7
2,4,37.05,101.57
2,3,29.4,119.87
4,6,57.02,173.11
3,1,63.38,73.87
5,2,36.0,142.77
2,1,39.54,94.51
2,1,40.19,54.5
3,3,21.79,171.1
3,3,34.89,119.59
4,1,56.6,122.77
1,2,31.87,93.93
0,3,46.39,86.73
1,5,25.38,98.32
4,0,42.84,45.34
3,1,36.55,98.4
4,2,26.67,87.94
1,5,56.86,112.02
5,2,57.7,164.49
3,1,30.46,102.55
4,3,41.76,165.11
4,1,45.66,120.03
4,0,17.78,95.94
1,2,24.04,77.08
4,2,64.29,76.87
3,2,29.02,77.64
2,1,63.87,66.41
5,2,24.82,169.31
4,3,54.88,123.85
3,4,40.33,109.78
4,1,42.44,100.0
4,0,72.84,87.4
3,3,26.19,138.61
1,2,53.92,88.33
2,1,53.3,64.84
0,1,95.32,25.88
4,0,28.84,69.92
1,3,35.61,68.44
5,4,57.24,210.62
1,2,42.0,73.77
4,2,38.05,122.61
1,2,59.36,55.6
6,4,41.0,218.13
4,3,31.62,148.23
1,2,55.89,95.64
3,1,50.63,89.38
3,0,40.31,53.31
4,1,39.6,114.65
2,2,31.28,102.02
4,2,55.88,106.71
3,3,39.6,127.99
3,1,33.45,56.81
2,0,25.72,57.88
4,1,50.88,107.14
3,3,37.37,99.54
1,4,14.81,123.2
1,0,26.95,7.75
2,3,41.5,199.84
2,8,41.92,204.48
1,1,41.35,37.14
6,1,39.26,157.37
2,1,22.86,42.39
5,1,31.88,84.4
7,1,62.76,91.23
5,6,60.54,199.5
4,2,53.67,136.22
3,3,52.34,90.75
4,3,58.57,154.45
1,5,28.19,31.6
2,2,45.49,83.59
4,1,28.2,136.34
1,1,28.46,46.69
4,2,50.52,152.02
6,2,59.2,205.16
3,1,42.09,93.27
1,0,69.74,21.46
2,0,48.18,54.28
4,1,33.35,85.82
3,2,28.7,132.0
1,0,60.27,26.61
7,2,46.93,119.32
2,1,55.14,62.26
5,1,5.13,135.61
6,2,48.67,141.73
1,3,37.32,118.06
0,3,24.09,54.63
2,0,44.06,43.97
3,4,61.38,130.18
5,2,78.99,94.49
0,3,48.63,80.68
0,2,34.36,42.87
3,3,33.46,110.67
4,3,59.45,220.42
3,0,30.05,46.25
4,0,54.34,80.16
3,1,49.41,88.37
5,3,47.75,160.51
6,2,21.48,220.0
3,3,39.65,150.78
4,0,23.13,86.27
1,4,36.18,157.68
3,1,58.76,110.17
3,1,63.47,53.04
2,5,48.21,197.76
4,4,36.44,99.94
3,0,68.82,85.99
5,2,36.25,169.12
3,3,27.96,132.35
3,1,55.45,74.24
2,1,51.87,87.57
0,3,36.86,82.09
4,3,46.5,126.37
3,2,51.63,95.83
2,0,48.06,33.45
4,3,51.88,109.82
6,0,37.41,92.08
4,1,52.89,111.99
4,4,45.26,229.82
2,2,37.92,83.44
1,3,41.31,98.24
1,0,43.53,19.72
1,1,23.32,40.14
4,3,35.45,124.38
3,1,45.97,69.77
4,0,24.74,114.63
4,1,35.7,108.96
2,2,80.77,106.31
6,2,28.06,190.2
3,3,39.24,125.86
1,3,32.49,184.81
3,3,43.25,161.93
2,3,32.78,82.02
2,3,41.35,166.56
3,3,34.22,141.97
3,3,60.83,216.77
3,1,46.22,81.65
3,2,29.96,157.0
6,3,57.61,165.59
6,0,30.63,116.17
3,1,21.54,73.28
3,1,44.95,120.85
3,3,73.61,144.01
2,2,17.59,104.64
3,3,25.04,175.44
3,1,56.29,70.21
3,3,35.37,163.92
1,0,54.18,9.89
4,1,32.44,60.48
1,1,47.13,46.13
4,1,71.17,55.34
2,1,27.08,68.37
2,2,60.36,74.72
5,0,55.2,113.55
4,5,22.66,74.84
1,2,53.38,97.65
1,1,46.09,66.18
5,3,46.37,142.91
3,3,50.05,82.55
1,4,39.74,157.35
1,1,46.05,33.87
5,4,48.62,205.97
4,2,56.19,171.79
4,1,22.09,99.65
1,3,64.36,133.04
0,6,27.67,158.78
4,4,56.42,129.18
2,2,46.19,117.02
4,0,25.78,88.77
1,3,52.92,76.89
1,2,30.82,73.58
4,2,61.03,87.16
2,3,34.34,124.08
1,1,22.58,32.44
1,1,68.01,38.86
3,1,47.72,83.18
4,4,58.01,170.8
2,1,32.23,83.24
2,3,16.62,140.79
4,4,70.13,204.49
3,1,44.9,91.94
1,2,52.37,56.71
1,1,54.85,47.12
3,2,39.97,132.3
2,1,48.39,74.96
3,2,68.91,64.91
2,3,44.51,125.31
6,0,59.13,173.68
7,1,15.13,200.96
4,0,61.86,73.92
2,4,22.17,158.92
2,3,60.14,94.88
0,1,50.86,22.8
5,2,43.56,185.14
2,1,43.51,75.77
4,2,41.21,128.19
4,6,32.69,212.93
4,6,41.91,255.75
5,2,78.12,175.23
3,2,64.53,106.41
3,3,31.93,137.85
5,2,49.02,142.84
4,0,46.44,79.04
3,2,42.87,139.09
4,2,29.96,131.41
3,2,51.69,116.84
3,4,57.69,208.25
4,4,32.49,150.92
3,2,74.33,94.55
1,0,67.83,17.38
3,2,53.22,45.55
2,0,26.52,24.78
2,3,51.02,56.57
4,2,49.23,78.56
4,1,52.7,79.16
1,2,68.86,60.27
7,3,42.36,337.96
3,3,75.72,94.94
2,3,51.1,182.81
6,1,40.64,199.21
0,2,80.99,68.18
6,1,57.45,173.72
3,2,38.18,111.0
3,2,46.26,66.38
5,1,54.53,97.37
5,4,42.74,125.75
2,1,47.01,56.91
4,2,32.74,135.33
3,0,19.72,59.45
6,0,46.6,109.05
1,2,47.1,61.17
3,0,52.91,65.99
5,4,36.36,187.18
3,2,24.89,117.83
2,0,30.52,20.87
0,0,60.83,0.0
1,5,35.0,141.05
4,2,38.37,123.07
6,1,40.31,153.03
2,2,35.71,71.62
4,1,34.6,102.91
1,2,31.93,75.59
1,1,66.01,44.73
9,3,55.2,285.43
2,0,63.72,19.8
2,0,66.74,29.42
3,1,9.75,114.21
4,3,50.15,131.64
2,3,36.21,143.22
1,2,61.75,91.3
2,2,33.88,103.3
1,3,29.19,73.53
0,3,23.49,12.61
3,2,40.46,135.74
2,1,58.72,62.33
6,1,48.84,153.45
2,1,26.96,71.71
2,1,77.29,64.35
2,0,54.74,45.97
6,3,56.66,245.92
1,2,64.28,91.22
4,3,20.4,98.88
4,3,31.33,118.88
2,2,57.35,87.21
3,4,32.84,69.38
0,0,40.87,0.0
3,0,43.83,64.43
4,3,25.84,154.14
2,1,39.59,60.41
4,1,58.72,71.22
0,3,55.94,114.33
2,0,61.7,24.73
4,5,60.15,250.47
4,1,51.09,102.97
2,1,49.9,60.48
3,3,48.8,120.95
4,2,35.59,150.65
4,4,29.55,220.88
3,5,34.66,174.48
3,0,40.11,53.78
3,0,35.16,64.87
2,1,51.21,57.96
3,1,48.03,69.22
4,3,49.64,160.54
5,2,50.27,140.1
5,3,62.93,140.72
1,0,44.87,12.37
5,2,60.13,166.76
4,2,52.75,131.96
2,3,61.94,89.82
2,2,69.22,94.21
1,3,53.65,42.55
3,5,46.56,217.95
5,4,46.46,160.35
1,3,37.95,66.15
2,1,37.44,68.01
3,1,58.53,71.37
3,3,30.54,148.44
3,2,69.22,65.7
3,2,42.72,154.93
5,2,87.93,136.13
4,2,34.6,146.74
3,1,48.75,99.16
5,1,39.72,99.57
4,2,33.1,119.81
1,4,60.96,116.73
3,3,28.42,129.69
3,0,34.86,74.7
1,4,53.79,130.94
5,1,56.17,123.17
3,3,24.12,163.79
2,3,53.73,147.75
3,1,46.93,73.15
3,2,31.23,98.93
3,4,33.17,187.99
1,4,14.5,130.72
5,2,70.76,72.42
1,0,60.23,23.41
4,3,25.66,124.53
2,1,56.98,85.12
3,1,36.39,66.06
4,0,58.72,88.66
3,5,37.56,57.13
8,4,39.55,343.31
2,3,40.67,73.35
2,4,35.14,169.64
1,1,65.99,65.02
1,1,58.48,39.01
5,3,46.65,208.71
2,2,60.37,69.26
0,1,20.59,36.33
2,2,26.57,82.98
5,2,52.12,201.34
4,2,56.03,152.13
4,0,49.19,80.52
4,3,16.76,138.66
4,4,29.06,229.75
1,5,51.25,74.82
3,1,81.4,72.38
1,3,63.27,64.06
4,1,68.66,86.8
4,3,50.1,95.39
3,1,49.99,107.94
3,1,29.5,85.04
3,1,59.28,47.27
4,3,43.9,203.28
2,3,55.39,128.87
3,1,45.46,74.25
4,2,49.19,123.66
5,2,43.68,135.12
2,0,48.37,35.18
2,1,60.0,64.63
1,1,26.01,52.92
2,2,22.61,75.13
4,3,51.39,231.89
2,2,66.61,106.28
2,2,70.39,81.4
4,1,26.63,112.14
3,2,38.96,141.93
4,1,22.81,117.63
1,0,36.74,15.25
3,2,61.84,94.49
6,1,44.81,148.94
3,2,39.39,119.35
1,4,53.18,136.41
3,1,33.07,92.69
6,5,68.89,205.69
4,3,45.11,169.33
4,0,38.97,104.99
1,1,53.8,35.3
5,1,59.09,89.41
0,1,68.94,5.17
5,3,41.85,209.17
2,0,61.29,26.88
0,0,46.52,0.0
3,1,35.83,69.4
6,3,33.35,155.75
3,5,28.55,137.8
2,3,33.87,140.77
2,2,61.74,95.78
2,1,55.6,100.74
3,5,26.38,152.49
7,0,18.8,165.37
0,2,28.32,39.56
3,2,33.35,154.75
3,4,40.45,193.69
4,4,62.59,120.71
3,1,36.78,57.94
3,4,70.21,81.78
3,0,19.8,85.95
3,2,39.77,91.25
7,3,56.78,182.6
2,2,57.71,82.46
2,3,39.96,118.34
3,2,60.03,100.3
3,4,57.18,158.43
4,3,34.77,193.83
2,3,49.72,90.8
3,2,55.55,100.15
3,1,35.84,118.48
3,7,70.41,234.81
2,1,32.47,76.28
3,0,47.16,66.48
1,0,26.25,15.35
5,2,46.55,145.6
4,0,28.99,96.66
3,3,40.59,132.12
4,1,21.2,90.76
3,2,57.0,123.44
3,1,50.34,63.09
4,2,61.31,123.06
3,2,39.78,91.62
4,4,62.01,246.95
2,1,45.59,66.56
5,2,46.7,144.14
4,2,76.71,85.86
2,3,37.73,114.01
3,0,63.41,59.72
4,3,52.2,55.57
4,3,36.42,159.26
4,1,25.26,103.46
5,2,29.5,107.07
2,1,61.96,70.07
3,0,71.02,67.77
3,3,46.37,90.38
3,3,47.16,146.81
2,0,56.65,50.45
3,2,46.1,90.14
2,2,61.5,44.95
6,5,49.37,302.11
4,2,47.03,84.64
2,0,34.51,49.61
1,0,30.82,21.97
4,2,0.0,123.73
4,2,63.51,120.0
2,2,42.8,119.09
6,3,38.99,196.02
3,1,15.72,95.42
0,1,35.4,31.48
3,2,33.42,127.58
1,1,33.08,46.31
2,2,49.99,78.09
3,4,46.83,187.55
2,4,24.58,146.78
3,1,25.53,55.46
3,3,25.5,197.14
2,1,72.16,29.93
5,2,67.39,97.4
1,2,32.22,34.32
3,3,15.35,141.75
3,1,46.92,73.64
3,2,45.7,86.26
4,2,49.75,120.61
4,2,56.12,124.16
1,1,51.78,18.33
4,0,28.25,80.92
2,1,49.41,49.97
1,2,57.81,75.93
3,1,34.14,70.52
4,3,49.5,136.74
0,1,36.71,37.95
4,4,74.94,211.15
3,2,25.1,157.97
4,2,62.34,147.71
0,0,19.94,0.0
2,2,71.9,87.01
6,6,27.88,193.75
4,2,47.85,143.29
4,2,20.56,82.92
2,0,24.75,40.9
1,4,58.47,69.13
2,1,60.42,74.25
3,1,48.59,83.76
2,3,56.12,145.15
4,2,60.67,148.63
3,4,34.74,243.09
3,1,24.02,62.43
1,1,44.79,52.76
3,4,36.34,148.65
4,4,50.83,248.6
3,5,53.22,113.89
2,1,34.78,47.48
2,0,55.56,41.51
4,4,54.81,179.67
1,2,55.85,95.86
4,1,38.88,133.17
1,4,56.7,124.71
2,0,52.8,22.33
1,3,54.6,60.53
1,1,70.17,55.47
2,2,49.92,84.16
4,1,35.9,102.78
3,4,28.34,94.83
4,1,61.92,119.59
2,4,50.36,80.38
3,0,70.05,36.41
5,3,14.56,180.62
5,1,58.66,139.36
3,2,41.08,94.34
4,0,39.7,58.79
4,1,33.53,123.29
3,2,58.49,118.13
2,1,54.2,71.34
3,1,27.86,64.71
3,1,47.47,81.57
5,2,55.59,170.03
3,1,47.67,68.75
2,0,61.62,39.49
4,3,40.65,122.62
4,2,11.18,131.41
1,1,47.8,35.15
5,2,47.71,140.48
2,1,49.67,78.55
1,2,61.6,64.62
2,0,15.71,36.82
5,3,41.42,134.28
4,2,31.16,154.08
5,1,26.88,78.63
4,3,43.92,184.37
1,3,55.53,79.0
2,2,49.51,130.76
1,2,34.69,89.15
4,2,42.82,93.44
2,2,58.95,119.0
2,3,55.25,130.82
3,2,36.71,140.71
4,1,35.74,103.68
2,2,19.25,89.6
3,3,38.56,146.82
4,2,18.96,132.4
2,2,76.01,109.05
3,2,32.17,91.64
2,3,61.63,87.54
5,2,72.27,68.26
7,4,48.24,209.37
4,2,43.5,71.82
2,1,25.16,63.78
0,2,37.43,66.76
3,2,69.06,111.81
3,2,50.27,118.1
2,2,45.43,57.67
1,3,64.68,87.88
7,1,55.44,177.94
4,3,42.78,174.65
7,3,48.24,284.45
4,3,33.48,167.78
2,2,36.58,67.63
2,3,41.91,144.64
4,2,53.36,143.33
2,3,26.29,107.18
5,1,46.14,174.74
4,1,39.15,75.97
0,2,31.49,29.87
0,2,39.23,61.14
4,3,10.18,148.86
2,3,33.64,136.23
2,3,28.51,119.84
5,2,40.8,168.84
3,1,10.8,106.61
4,2,47.86,77.43
0,2,58.64,50.55
2,3,43.24,22.19
3,1,52.48,72.24
3,2,37.31,123.46
2,1,21.68,66.05
3,3,45.03,113.81
2,1,55.21,73.89
2,1,25.13,63.82
4,6,38.02,328.51
4,2,41.29,61.28
1,1,87.77,44.39
4,2,48.35,147.34
1,2,16.42,62.58
5,0,12.71,83.07
1,3,55.96,79.43
4,2,82.28,171.2
3,4,40.79,116.75
2,3,39.89,122.38
2,3,51.46,125.4
1,1,33.03,53.08
2,1,6.84,60.31
1,5,60.56,187.76
3,1,35.8,87.77
1,1,60.75,26.06
1,3,33.59,105.83
2,2,46.83,85.53
5,6,57.82,300.71
6,1,61.06,169.39
2,4,48.49,178.28
3,1,47.75,75.62
5,2,54.3,148.91
5,1,51.96,162.96
0,4,25.63,98.33
3,0,25.92,49.07
3,1,13.36,82.77
1,2,56.5,65.52
1,0,39.06,12.71
0,1,57.3,32.88
3,0,51.06,32.6
2,2,29.96,75.45
1,2,43.2,58.84
6,3,38.18,217.66
0,2,35.86,43.44
1,0,58.73,19.51
3,1,82.66,125.41
2,1,61.74,81.53
2,4,44.6,164.71
6,0,63.89,126.07
3,2,70.69,132.69
1,0,24.11,21.85
3,1,63.37,95.95
4,1,56.55,92.51
0,2,62.82,95.62
2,3,57.2,102.87
1,1,41.58,55.5
3,2,75.49,100.52
5,1,50.09,89.22
4,0,38.49,69.09
2,2,52.59,97.01
3,5,59.59,161.51
3,3,46.42,120.45
5,2,50.9,139.62
1,3,46.33,81.02
4,0,35.1,78.7
0,3,32.67,111.09
2,0,23.96,37.55
2,2,67.77,90.19
1,0,41.65,20.04
4,2,0.0,144.82
5,2,50.95,134.52
2,5,50.64,168.92
4,1,17.0,93.48
4,3,32.51,161.83
2,0,31.86,52.73
2,0,33.87,37.71
3,2,63.19,112.53
3,4,42.77,112.15
3,0,38.59,51.58
4,0,61.84,66.66
5,1,52.43,89.25
4,2,18.89,142.35
4,2,35.75,161.35
2,0,49.83,29.18
2,1,30.99,49.31
5,3,75.44,158.8
2,2,46.69,68.09
1,4,33.7,181.13
2,1,28.16,76.06
4,3,58.91,133.2
2,1,35.28,57.43
4,3,50.7,37.49
1,1,27.73,26.02
3,1,46.05,72.14
5,1,35.46,94.53
4,3,40.27,201.97
1,2,33.06,50.59
2,2,60.38,59.58
2,2,37.63,87.25
7,1,42.85,178.81
2,4,43.57,126.14
3,4,69.18,191.46
3,0,58.35,61.03
6,2,56.86,167.95
2,2,21.33,128.64
2,4,35.15,156.68
2,4,62.83,147.73
1,1,27.44,53.2
3,3,46.26,128.35
5,2,29.02,154.86
4,3,30.53,151.09
4,0,70.21,47.8
3,2,55.79,111.02
2,2,59.75,93.91
4,4,56.76,160.23
3,0,42.91,88.73
3,3,34.63,93.47
1,6,38.97,233.07
4,1,42.12,105.57
3,3,71.64,222.05
1,1,24.95,63.41
1,3,36.7,63.7
1,1,31.31,55.14
2,3,60.85,100.5
3,2,72.81,106.74
3,4,49.63,245.51
3,2,50.87,120.66
1,2,46.37,58.24
3,1,51.56,108.45
2,0,56.6,39.75
1,1,51.38,43.3
1,3,52.48,94.91
1,1,56.63,65.99
4,3,18.33,140.26
3,2,45.03,138.76
2,2,49.58,138.81
2,3,51.24,123.89
3,3,42.44,133.44
2,3,47.41,129.37
4,0,34.2,64.03
2,1,18.38,71.79
3,0,59.75,72.48
5,2,27.98,124.84
5,1,42.59,93.15
2,5,33.76,217.68
1,3,68.81,73.08
1,2,43.81,97.85
4,2,40.34,101.56
1,1,56.22,35.33
4,1,77.35,149.42
1,1,51.09,32.7
5,0,39.34,111.96
1,3,55.45,108.42
1,5,21.41,136.91
2,1,45.7,82.83
4,3,74.91,179.39
0,2,47.37,15.03
4,2,46.62,131.79
0,0,45.31,0.0
1,0,39.07,22.41
3,1,49.72,106.19
1,3,56.63,88.67
4,3,40.02,159.64
3,2,7.64,89.39
2,2,51.98,103.74
4,1,77.0,150.4
7,3,39.36,246.79
4,2,22.93,131.89
4,1,55.16,86.99
3,1,71.16,106.99
3,2,52.94,108.64
2,5,70.87,134.77
2,2,56.91,134.52
3,2,55.6,108.98
3,2,37.23,127.85
2,5,49.28,190.35
3,0,44.56,83.99
3,1,44.04,64.7
3,1,41.19,62.7
4,0,48.38,66.23
3,3,25.55,100.6
8,1,57.18,182.12
3,3,31.83,108.24
2,1,41.25,74.92
4,2,49.96,76.23
0,1,31.09,27.01
4,5,15.5,262.72
2,1,39.25,71.93
1,5,23.53,26.71
2,0,55.68,36.92
1,2,27.7,59.48
1,1,67.28,46.66
4,2,44.91,108.98
3,1,45.89,82.23
2,2,15.29,135.15
3,2,47.17,104.55
3,1,43.8,62.01
3,2,25.51,108.66
5,5,46.31,277.11
4,6,39.03,264.78
1,2,41.75,74.12
2,3,45.39,94.87
3,2,37.93,132.37
3,4,48.7,170.43
5,4,43.7,173.77
2,2,52.09,105.75
3,1,37.07,84.7
4,2,29.03,188.39
2,2,34.37,101.96
2,1,66.64,61.57
1,4,59.34,140.23
3,2,63.2,95.51
4,0,64.24,81.12
6,3,38.01,211.28
2,1,49.44,40.37
5,4,46.14,254.3
4,2,54.89,101.73
7,4,40.66,247.58
4,5,46.39,241.31
3,2,46.08,96.29
2,0,52.98,43.42
5,4,54.84,230.98
6,1,46.41,207.7
2,3,46.86,169.94
2,3,48.39,126.49
2,1,69.7,72.98
1,4,19.05,85.34
4,3,30.45,134.66
5,1,55.11,133.53
5,1,49.05,126.11
5,4,48.94,231.01
3,0,55.01,50.93
5,2,48.21,162.19
3,1,36.61,99.04
0,1,54.43,27.69
2,3,45.31,115.93
2,4,38.29,154.01
3,1,55.36,71.53
3,2,54.77,85.72
4,0,48.22,76.13
4,2,70.76,130.01
3,2,64.9,92.69
2,3,60.03,164.73
2,1,83.5,66.4
4,1,42.8,101.48
3,2,38.03,111.02
0,0,57.91,0.0
4,1,41.21,104.69
3,5,45.18,144.64
2,2,30.21,92.22
1,3,54.1,100.54
3,3,22.93,197.33
3,3,43.55,158.59
2,2,44.77,101.12
1,3,38.46,87.99
3,2,18.64,84.36
5,2,18.53,155.41
4,3,33.81,179.68
3,0,53.09,76.88
4,0,49.33,91.23
6,3,44.75,234.77
4,1,31.73,95.88
2,2,50.12,97.72
2,2,18.01,96.26
2,4,9.05,127.99
2,2,41.35,95.93
2,1,36.81,73.8
2,1,60.2,52.18
2,0,47.37,29.91
1,0,69.76,19.27
2,0,36.78,16.19
1,1,52.3,49.18
4,0,41.22,71.85
1,2,65.73,112.6
4,1,41.94,59.93
2,2,57.82,67.66
1,4,28.84,154.34
4,1,38.77,103.84
4,3,43.74,175.75
4,2,63.95,130.83
2,4,12.04,150.34
2,4,40.01,122.37
2,4,39.5,192.08
2,2,13.85,64.28
2,3,38.04,134.91
5,2,21.89,64.14
1,0,10.04,18.33
1,2,41.07,47.53
5,2,40.56,184.57
3,4,41.33,203.84
2,3,48.79,115.79
4,0,31.81,78.42
2,1,71.86,58.83
3,2,44.5,110.7
3,3,64.3,110.27
4,3,19.8,196.28
4,2,32.48,91.65
2,1,55.29,83.24
2,1,41.6,28.13
1,2,28.9,34.05
6,3,17.42,202.4
4,1,56.0,128.5
3,1,54.77,78.84
2,0,48.65,45.84
2,2,37.56,86.4
2,5,28.3,150.75
5,1,44.21,129.54
1,2,25.27,69.04
3,1,33.73,80.73
1,1,63.92,54.72
1,1,17.24,43.33
7,2,55.16,180.5
6,2,67.41,180.04
1,1,57.24,75.64
5,0,50.97,81.56
3,0,38.05,66.74
2,4,35.31,214.11
3,3,11.28,134.42
3,3,45.56,113.4
4,2,38.97,164.45
6,1,34.53,187.72
3,3,44.7,142.62
3,2,45.94,127.31
5,2,35.47,142.8
0,3,69.2,102.97
5,2,55.96,153.99
2,0,58.44,44.98
1,3,43.45,111.58
4,3,52.67,200.3
4,2,31.56,102.86
5,4,54.99,171.37
2,0,41.93,39.94
2,2,29.67,99.21
4,2,44.66,122.48
4,2,40.62,131.63
3,3,79.85,148.27
1,0,51.53,25.53
1,0,68.7,15.69
1,0,61.97,19.13
1,2,45.57,108.51
4,1,38.34,86.59
3,1,18.9,87.37
4,2,31.94,143.79
3,5,54.94,170.6
3,4,40.47,181.15
3,3,50.64,190.45
0,1,14.55,12.61
6,1,51.8,113.33
4,1,61.45,129.12
1,3,18.36,88.06
6,1,50.57,172.58
1,0,65.15,14.12
3,5,70.2,238.71
6,1,37.45,155.21
3,2,56.7,134.24
1,1,66.45,40.42
4,0,51.02,71.15
1,0,64.28,26.05
4,0,44.46,51.48
5,2,50.91,126.57
1,2,35.68,84.61
2,2,42.53,101.95
5,2,51.51,149.2
9,1,34.55,224.54
5,3,41.65,128.06
4,2,56.41,177.97
4,4,75.79,133.11
4,3,14.26,192.49
3,1,74.65,87.35
2,1,41.1,49.19
2,2,59.47,50.63
7,3,62.42,204.24
4,3,68.47,167.33
3,2,34.08,89.26
1,0,41.62,26.22
1,1,44.2,55.68
2,3,39.64,67.34
2,4,64.78,104.08
4,2,43.85,108.09
3,4,20.72,156.56
4,3,35.5,203.95
6,1,21.32,168.85
2,2,41.57,95.11
5,3,55.09,150.62
1,2,35.18,31.82
4,2,38.95,114.28
2,2,40.88,87.58
5,1,47.11,85.72
2,3,52.74,122.44
4,4,57.11,153.17
2,1,78.83,51.62
6,1,46.85,149.93
2,1,56.04,75.48
0,2,21.19,78.72
2,3,39.31,127.91
3,2,40.94,101.19
2,4,29.74,179.49
4,2,36.96,121.83
2,1,43.39,76.15
2,4,37.43,162.91
4,1,84.03,59.84
1,2,52.68,65.13
1,5,75.02,97.6
4,0,67.39,76.28
3,2,35.41,115.79
8,2,45.56,235.14
1,1,38.48,20.11
4,4,42.57,215.72
2,7,30.35,156.77
2,5,38.38,118.19
3,2,50.39,139.95
4,4,50.0,140.09
3,3,48.8,102.16
4,2,44.1,134.14
5,2,57.91,180.76
5,1,41.14,55.92
2,2,65.87,76.38
5,5,17.29,208.25
3,0,54.85,58.67
5,0,52.33,107.57
3,3,34.88,99.76
6,2,39.67,132.5
1,2,51.97,59.67
1,4,58.74,178.55
4,2,18.76,186.8
3,1,54.42,66.42
7,4,38.14,244.63
2,0,61.88,48.07
0,3,17.41,104.5
2,1,81.68,37.79
3,3,31.71,152.08
2,2,66.45,142.78
3,2,43.96,116.56
3,2,32.72,134.84
1,2,48.98,97.2
4,0,60.44,63.75
4,2,21.71,147.3
4,2,55.52,123.81
3,2,44.82,103.85
2,0,53.66,43.17
2,2,45.16,84.3
2,3,36.42,159.56
0,2,28.3,31.95
4,1,55.09,100.54
2,0,55.01,36.55
4,0,54.93,41.42
2,1,51.41,91.26
7,2,59.17,189.86
5,1,66.09,136.96
3,0,16.85,65.81
1,1,9.87,32.58
4,3,70.77,147.63
1,0,24.88,16.95
2,1,28.71,46.86
2,1,40.69,62.89
4,2,20.19,147.36
5,2,39.28,197.19
2,1,30.78,70.58
2,1,41.5,62.28
2,2,49.2,71.01
3,2,39.85,64.35
4,0,39.09,74.61
1,3,48.87,90.88
4,3,60.66,272.78
5,3,69.04,177.77
1,1,41.72,53.32
2,1,72.37,69.63
3,1,58.15,100.14
1,3,26.52,87.43
3,0,26.08,79.65
4,1,36.34,141.9
4,2,66.67,118.31
3,4,37.48,172.34
5,4,16.61,199.49
1,0,41.57,16.67
4,9,15.29,280.81
2,0,29.18,56.24
1,0,36.19,21.73
4,0,47.25,74.9
3,0,60.36,44.0
2,0,55.41,38.87
2,4,27.31,69.32
1,1,39.42,48.09
2,2,46.15,124.31
4,2,41.07,84.9
4,1,40.96,111.8
6,3,19.16,255.39
1,1,27.71,48.81
4,0,38.96,65.96
0,3,0.0,62.21
2,4,54.61,105.19
2,1,24.41,61.74
2,2,55.3,98.44
1,2,53.98,70.24
3,2,36.84,127.99
5,0,60.01,134.32
1,2,56.15,64.15
2,0,40.37,39.35
5,2,38.67,156.4
2,4,61.46,100.4
2,1,48.48,61.54
4,1,60.67,133.85
2,1,9.17,72.01
2,2,46.48,123.77
3,3,21.34,124.58
4,1,44.61,112.76
4,3,55.71,97.23
4,4,71.09,143.96
5,1,30.93,80.14
2,2,37.11,75.64
0,3,43.57,53.8
3,3,30.38,134.36
3,0,59.68,48.29
2,2,43.95,83.65
3,3,46.83,144.77
5,4,54.3,129.2
1,2,43.92,60.74
2,1,32.74,77.33
4,3,44.05,141.89
2,2,32.16,50.66
0,1,46.62,11.0
5,4,59.95,161.52
0,5,27.38,130.03
2,2,22.01,75.82
3,1,45.74,116.39
2,3,33.48,200.08
6,3,45.48,234.71
5,2,49.81,170.0
3,3,12.84,166.24
4,0,55.35,74.99
5,4,27.45,169.35
2,1,44.66,105.2
2,0,35.11,42.61
4,2,36.72,145.41
4,2,70.41,107.14
7,0,49.79,154.36
6,3,58.57,223.1
4,4,47.26,154.77
3,2,54.3,80.03
5,0,51.26,96.83
2,2,48.82,70.7
6,3,61.61,209.26
2,2,47.35,99.75
6,2,79.28,208.3
3,3,59.41,195.54
2,2,27.91,97.4
5,1,42.35,161.15
3,1,50.96,42.92
2,3,45.67,145.53
2,1,55.3,46.04
1,4,56.96,112.88
4,1,24.61,92.16
2,3,64.22,177.4
3,2,37.55,129.5
2,3,36.06,127.92
3,1,36.01,101.82
2,1,57.13,38.5
0,4,40.99,58.01
2,1,35.05,85.09
3,1,38.64,63.81
1,3,18.08,102.87
2,0,32.37,42.86
3,2,26.41,110.05
1,1,40.96,50.28
4,3,54.96,93.36
1,1,53.31,37.68
5,1,63.85,129.61
1,3,60.51,67.9
1,1,37.07,61.02
5,3,45.29,180.82
0,3,44.51,92.88
2,4,12.73,139.92
2,3,26.74,108.55
4,3,42.49,101.3
2,0,42.41,35.85
4,3,52.68,161.22
5,2,51.95,139.13
2,4,18.44,147.07
3,1,52.78,74.33
4,1,47.68,95.17
5,0,54.35,143.55
2,2,61.0,54.87
4,0,42.86,79.55
4,2,63.68,107.69
2,2,31.66,44.27
3,1,30.81,102.9
0,0,51.43,0.0
7,4,39.47,316.3
0,3,48.92,51.94
0,2,74.89,53.59
1,0,50.9,14.85
1,1,48.18,55.79
0,0,31.96,0.0
1,3,19.5,74.56
5,2,43.91,145.65
0,0,61.0,0.0
6,1,40.16,102.49
3,3,51.02,106.79
4,1,66.4,76.6
0,2,66.02,77.3
7,1,51.43,223.18
4,2,47.55,150.18
0,3,22.22,69.02
2,1,35.55,55.25
8,2,40.79,256.91
3,1,32.22,82.37
2,2,48.73,96.17
3,2,73.67,150.18
4,3,67.77,140.98
1,1,48.66,41.32
5,0,56.69,95.28
1,2,34.07,71.65
5,4,66.96,207.85
2,2,21.57,84.4
1,2,58.69,85.38
0,2,52.43,55.25
2,2,33.66,92.53
1,1,41.87,67.12
2,0,27.99,31.38
0,0,28.63,0.0
3,2,21.13,139.46
6,2,56.51,150.62
2,1,63.08,65.82
0,0,12.57,0.0
2,1,72.57,60.68
1,2,44.82,58.73
6,3,49.35,226.65
4,1,22.91,68.7
1,4,64.81,151.84
2,1,48.0,25.36
5,3,62.08,159.69
2,1,63.31,66.29
3,2,65.02,142.96
2,1,35.28,53.08
1,3,41.88,91.01
5,1,35.82,86.32
3,3,58.43,118.1
3,0,49.99,41.75
2,0,61.04,43.96
5,3,61.69,186.27
2,2,19.09,91.31
2,2,65.26,95.58
2,4,59.26,75.46
0,1,39.46,35.55
3,3,50.25,150.8
5,2,43.14,204.72
2,6,54.24,111.11
2,2,39.43,89.69
4,1,52.18,95.12
5,1,46.01,106.15
4,1,38.52,70.82
2,4,47.85,160.59
2,2,85.6,42.42
2,4,34.72,137.15
2,4,41.25,109.82
2,0,34.98,55.07
3,1,36.55,91.07
5,1,57.24,96.61
3,3,55.74,129.62
3,2,44.91,78.45
5,4,60.39,183.23
4,1,56.9,87.14
1,1,42.56,42.71
2,4,21.99,160.05
1,5,57.45,156.97
5,2,47.54,148.94
0,2,45.33,62.43
5,2,38.01,139.89
4,1,56.17,128.19
3,4,50.23,213.09
3,2,41.45,101.47
3,1,26.62,72.62
1,3,61.02,116.03
1,1,54.07,40.38
2,1,48.83,74.28
3,3,5.15,121.13
3,1,44.43,120.58
3,0,41.38,48.67
4,1,35.72,122.45
5,4,56.31,206.5
2,2,55.72,122.72
2,0,51.55,41.25
3,3,60.57,144.92
2,3,29.67,121.24
4,4,38.2,182.95
5,2,46.12,131.21
4,2,35.67,90.3
4,3,55.91,142.95
5,1,37.17,134.19
2,3,64.48,111.17
5,1,31.03,104.48
1,2,76.98,76.34
2,3,75.44,121.62
3,3,43.58,117.09
3,0,62.19,42.27
3,2,38.99,135.17
2,2,60.2,53.04
5,2,42.36,118.41
3,1,25.72,79.43
2,1,0.0,44.42
3,0,40.97,80.39
6,1,49.19,178.49
8,4,64.95,331.4
3,3,45.55,140.16
0,3,60.04,99.03
5,4,38.19,181.42
3,1,39.94,111.01
4,4,60.81,146.29
3,1,8.03,75.85
2,2,45.19,92.49
3,2,39.0,49.22
1,0,65.41,16.9
3,2,37.08,127.03
0,2,52.75,-11.25
1,2,58.82,53.39
3,1,22.61,80.42
1,4,42.91,122.15
0,3,38.53,9.33
0,3,59.19,91.44
4,3,55.13,195.54
3,4,41.5,85.71
4,0,29.29,78.63
7,3,60.57,260.09
3,2,43.99,129.47
1,4,20.72,63.89
3,1,22.01,76.04
3,1,51.56,95.24
2,1,25.86,61.94
7,2,72.89,145.68
2,3,30.94,137.94
4,2,44.99,105.13
3,1,47.39,76.93
2,1,34.06,61.45
0,0,11.4,0.0
7,3,47.86,201.35
5,5,33.7,147.67
5,1,46.75,77.34
1,3,43.17,122.35
4,2,48.95,153.02
4,0,68.43,86.13
2,3,36.81,149.47
1,2,37.97,79.87
4,1,20.01,65.77
5,1,42.07,122.21
5,2,51.15,155.38
2,3,37.75,79.41
6,2,51.25,201.82
3,1,42.34,77.03
4,4,25.47,142.03
4,1,49.68,135.06
2,5,41.91,203.94
10,2,46.84,325.97
4,0,36.5,78.11
3,1,35.17,76.58
0,2,47.36,38.73
2,3,41.54,69.94
2,2,70.86,85.48
1,0,56.98,10.0
4,0,53.18,64.6
4,2,42.34,146.84
2,1,14.61,61.97
3,2,32.89,98.24
6,2,35.29,129.83
2,2,40.88,55.27
2,0,44.5,26.42
4,0,54.84,46.93
5,2,49.1,159.9
2,2,62.39,74.41
2,2,40.32,72.79
4,3,48.86,121.28
3,1,50.16,95.6
4,4,48.69,186.15
3,1,64.23,105.97
2,0,57.06,35.16
5,3,25.21,199.91
0,1,43.29,25.31
4,4,44.79,176.96
3,2,77.27,129.01
1,2,40.05,80.62
4,3,30.26,170.87
4,1,51.57,106.65
3,3,52.45,89.19
0,0,43.89,0.0
3,2,41.7,125.66
5,0,59.23,146.25
1,0,32.2,20.34
5,1,39.89,102.27
2,1,37.17,66.63
2,1,61.41,56.27
2,2,49.28,56.29
3,1,29.03,72.0
5,2,30.53,170.02
5,1,73.1,163.55
2,1,61.25,58.76
3,2,57.62,123.41
0,1,45.18,19.33
4,1,67.63,110.56
2,3,28.45,121.98
8,1,56.29,118.22
5,3,38.35,213.05
4,1,41.27,135.48
3,2,55.89,119.65
3,0,42.85,62.11
1,1,38.48,48.44
1,2,37.57,29.98
3,1,15.2,59.63
4,0,56.45,63.21
2,2,29.9,56.5
2,2,72.88,116.69
4,3,40.69,92.08
2,1,64.64,54.26
3,1,17.86,73.16
2,2,55.97,120.73
1,2,59.83,66.68
4,2,64.55,110.51
3,2,22.08,61.28
2,3,34.46,128.42
4,3,53.65,100.51
2,1,47.23,70.22
3,1,49.4,73.02
0,3,39.6,96.6
4,3,68.26,170.39
4,2,84.13,107.31
3,2,46.56,116.41
0,3,51.8,53.22
0,2,45.84,53.67
3,2,64.26,129.92
2,3,57.44,115.94
3,1,29.0,68.49
2,3,35.81,144.96
6,0,29.86,86.81
4,3,85.42,145.61
3,1,54.53,71.66
4,4,36.06,178.14
6,2,34.87,150.35
3,3,57.08,118.66
0,2,58.57,30.67
0,1,56.97,21.88
7,2,38.62,162.0
5,3,49.59,212.66
2,3,46.66,113.08
6,1,30.96,188.62
6,1,31.1,140.15
2,1,51.18,85.91
4,6,47.95,140.35
2,3,53.3,153.22
1,2,56.87,66.82
5,1,67.49,131.05
7,0,33.36,104.86
0,2,54.45,46.57
2,0,56.24,47.64
0,2,40.32,53.4
4,0,46.83,37.32
5,2,40.7,126.58
2,1,76.63,59.4
1,2,46.57,66.36
3,3,51.77,105.91
2,3,41.04,50.35
3,1,37.81,84.21
3,3,25.47,159.4
5,2,61.5,147.61
4,3,56.53,194.11
2,1,40.48,45.92
7,1,31.49,164.53
3,3,47.7,91.44
3,2,37.53,128.28
0,5,41.67,13.69
6,4,26.05,274.49
3,1,48.26,81.6
0,1,48.56,15.77
6,1,61.42,202.88
3,0,42.74,60.02
6,2,40.0,217.9
1,1,21.65,56.96
5,0,61.51,64.18
4,2,58.39,106.28
4,2,45.43,161.95
4,4,25.06,269.6
1,1,26.78,50.84
1,2,36.79,82.2
9,0,59.48,180.23
6,2,49.36,177.6
4,2,22.6,112.54
2,2,51.06,83.99
3,3,32.41,153.7
4,2,37.17,123.58
4,1,59.58,96.24
2,0,56.48,33.45
1,2,61.4,63.53
4,2,44.65,159.76
1,1,58.25,44.87
4,0,36.21,71.59
5,4,41.14,172.1
2,1,40.11,58.38
4,1,45.36,113.83
2,2,25.7,133.06
3,2,41.62,136.97
4,0,66.77,74.1
4,1,28.61,105.45
3,0,25.06,49.99
5,2,26.27,181.86
3,3,84.93,155.21
2,3,51.97,173.52
1,2,40.95,89.86
4,2,46.02,112.37
2,2,48.41,117.47
4,4,35.39,147.44
5,1,37.24,127.93
0,2,42.63,56.33
2,1,34.13,54.2
2,0,39.05,31.06
2,2,50.3,53.61
1,4,30.04,113.6
2,0,84.15,45.9
2,3,56.3,130.77
7,2,25.95,208.75
2,3,7.83,123.42
3,3,34.69,125.55
1,3,55.27,110.13
4,3,52.36,117.93
2,2,43.34,85.41
3,0,35.98,45.87
5,4,31.44,184.25
3,0,38.96,42.32
3,3,29.81,167.75
3,2,39.02,137.53
4,2,64.96,186.58
6,2,33.43,194.51
5,1,54.16,155.73
1,3,56.45,46.42
4,3,28.81,155.18
1,3,32.35,88.58
3,2,61.03,119.41
4,0,31.11,71.6
4,0,44.14,117.25
5,4,75.6,287.69
3,4,59.7,154.52
1,4,46.28,148.75
1,4,57.61,144.19
4,3,44.16,222.56
5,2,60.27,166.45
2,3,14.31,112.49
4,2,42.91,142.44
6,1,13.7,228.4
3,2,47.42,142.79
3,3,41.46,119.49
3,2,65.41,92.49
2,2,55.68,127.14
4,1,37.11,85.17
2,3,38.91,123.65
1,1,50.71,51.93
2,0,36.41,44.08
2,2,44.51,122.33
4,4,64.75,165.46
4,0,32.56,45.72
3,1,38.28,79.88
4,1,40.39,125.31
4,2,92.37,179.95
1,3,54.12,94.7
5,2,61.98,109.58
4,2,56.52,134.75
1,0,57.53,15.93
5,0,52.1,60.57
4,1,50.48,87.88
1,3,23.24,123.24
2,1,50.37,95.26
4,2,43.37,148.29
2,1,53.18,60.65
6,1,43.94,175.89
4,2,56.45,147.24
6,2,59.1,211.11
4,2,1.32,150.02
4,0,38.49,74.75
2,2,17.14,132.66
1,0,48.58,17.97
3,3,40.49,121.42
2,1,65.34,74.46
4,1,48.11,126.5
5,3,37.72,214.89
0,3,59.08,104.36
5,1,40.23,96.54
3,1,37.53,65.78
3,1,50.9,54.44
5,1,69.19,105.89
0,2,57.8,41.46
3,3,53.5,109.42
1,3,86.26,97.14
2,1,34.01,69.82
3,4,33.68,214.79
1,3,47.18,109.62
1,2,67.73,74.99
4,2,30.87,152.28
5,4,71.32,227.63
5,4,23.41,233.69
2,0,43.18,54.02
2,4,47.6,136.9
3,2,31.76,89.15
5,2,35.68,147.09
6,2,56.95,185.01
3,1,66.62,98.07
1,2,13.28,76.93
2,1,47.7,81.31
2,1,43.3,74.76
2,2,46.61,114.53
2,0,40.25,39.03
2,2,25.64,105.95
3,4,68.13,106.33
4,2,62.39,178.4
3,1,43.44,69.04
2,1,37.68,70.8
2,3,35.86,149.56
5,1,6.22,146.83
3,0,50.31,40.52
2,1,56.7,50.28
1,4,47.07,97.03
5,4,43.7,243.89
2,4,47.0,199.27
2,3,32.2,128.42
5,2,37.51,150.55
2,3,42.51,67.02
3,3,55.45,147.6
0,2,65.68,38.36
0,1,41.56,23.23
1,1,29.33,22.63
4,2,45.53,125.5
6,5,75.17,237.88
3,1,30.63,70.06
1,2,58.29,47.79
0,1,65.04,22.23
0,1,39.6,26.22
0,3,34.49,56.6
1,4,53.62,108.7
3,1,50.3,94.81
5,1,55.42,114.94
7,1,76.11,114.07
0,3,47.51,51.44
4,1,27.12,125.19
2,0,46.0,36.51
2,2,48.62,71.8
4,3,64.01,157.1
0,0,42.05,0.0
3,4,38.86,308.53
1,1,24.43,18.59
3,2,53.21,66.56
6,0,95.22,123.08
3,4,41.66,68.46
5,3,51.78,191.52
2,2,36.78,81.46
1,2,25.78,59.03
4,0,51.51,73.93
7,0,45.42,148.93
2,4,9.22,187.0
4,1,69.15,122.28
4,4,51.24,170.15
0,2,46.11,45.28
5,0,38.67,146.35
7,0,51.08,148.43
1,2,51.77,90.72
2,1,51.02,84.3
3,2,61.02,129.37
1,1,64.43,43.28
2,3,75.08,143.9
2,1,32.45,82.91
1,2,36.4,61.79
7,2,50.42,180.22
0,2,33.31,56.03
8,1,35.73,222.69
3,1,52.13,55.64
3,3,58.51,82.63
0,2,64.14,36.21
3,2,42.11,100.61
1,3,51.95,78.5
3,1,48.64,45.83
1,3,45.26,122.56
1,1,32.76,47.36
5,1,30.85,127.89
4,2,55.0,108.41
9,1,32.51,263.17
2,3,18.35,113.91
2,1,44.52,47.5
2,2,66.83,96.64
2,1,3.08,67.4
4,1,40.68,101.06
1,3,55.13,109.28
2,4,17.65,142.22
2,2,41.8,95.46
3,3,27.91,147.06
1,3,29.89,66.36
1,2,38.96,71.85
5,2,28.15,126.75
4,3,26.91,191.12
7,2,44.11,190.49
1,1,78.41,47.57
2,6,56.37,203.15
5,2,60.16,168.92
4,2,56.96,154.95
5,1,34.54,99.25
4,0,49.66,95.15
3,2,61.47,118.46
4,2,57.43,139.32
6,2,47.92,140.32
4,2,52.8,154.03
6,1,81.94,152.15
2,7,57.59,149.63
4,4,40.27,162.63
0,3,43.89,130.4
3,4,29.19,117.22
1,2,80.21,67.29
4,2,69.06,224.86
2,0,46.25,31.12
3,5,77.71,250.12
4,1,54.49,105.82
5,3,38.54,194.76
2,3,58.6,119.91
4,1,50.98,86.97
5,0,57.57,101.61
4,1,24.46,66.69
5,0,32.85,120.27
1,2,67.33,31.05
3,0,70.4,41.92
5,0,66.23,108.31
1,3,78.28,157.6
0,2,53.66,62.34
1,2,52.61,38.32
2,2,31.3,138.99
3,3,36.29,125.31
1,1,15.18,44.39
2,2,40.18,43.69
2,0,14.12,57.88
5,0,61.21,69.69
1,5,50.83,184.86
3,2,14.61,152.91
2,1,42.15,57.66
4,1,74.51,82.92
5,0,43.12,128.39
3,2,30.02,120.59
3,1,18.22,100.38
3,1,18.67,44.07
2,4,53.03,103.76
3,2,38.49,122.09
6,1,39.74,158.14
2,1,38.55,39.74
1,1,42.9,57.64
3,3,26.59,117.74
1,3,49.74,154.59
4,0,23.66,75.89
5,2,33.66,211.51
2,2,60.16,105.29
3,1,50.64,95.08
0,1,55.29,32.1
1,0,77.26,15.15
7,0,44.11,161.61
6,2,45.32,136.21
2,3,41.04,106.48
2,1,38.35,56.52
3,2,29.84,95.5
4,2,46.26,181.11
3,2,50.33,114.87
4,1,51.16,126.79
1,3,45.97,129.38
4,0,58.89,46.52
3,3,45.44,195.43
4,2,38.86,34.75
4,1,31.1,77.12
4,1,21.77,107.25
3,2,66.91,82.33
0,1,34.51,26.13
4,2,31.11,110.82
3,3,38.74,155.13
6,1,40.82,113.76
1,2,69.58,62.74
3,3,40.08,141.47
3,3,84.5,82.74
3,4,45.96,165.89
3,1,75.86,86.38
2,2,58.41,82.19
3,3,50.42,125.92
3,1,68.67,91.73
3,0,61.83,22.84
2,0,54.52,51.11
2,0,79.76,27.1
2,0,37.52,29.27
5,4,30.08,164.86
2,1,34.86,69.21
6,2,71.28,135.18
4,0,66.76,66.88
3,3,37.12,94.41
3,0,9.68,63.83
0,1,41.91,22.98
5,0,29.8,142.61
2,0,37.59,64.0
3,1,29.18,87.87
3,3,20.86,166.27
4,0,73.25,55.65
2,1,34.74,72.07
5,2,66.19,161.45
1,6,41.68,188.31
4,2,28.04,123.59
0,2,52.64,57.14
6,2,39.13,68.26
2,2,41.89,77.18
2,2,47.17,115.4
1,4,32.82,123.96
4,2,20.68,131.49
1,1,44.23,43.32
4,1,59.46,113.81
3,3,31.48,154.68
2,1,47.31,72.31
3,3,67.58,139.15
3,3,43.65,146.67
3,1,46.29,86.51
1,0,45.83,20.53
2,2,34.76,88.54
4,3,30.1,149.99
2,0,30.16,49.46
5,2,50.52,110.14
4,2,56.37,141.14
4,4,57.08,153.02
3,0,39.32,71.5
1,2,61.4,81.61
0,2,49.61,21.63
2,2,46.06,77.91
1,2,0.0,52.04
1,1,32.74,40.02
4,0,22.18,86.28
1,1,54.41,61.82
3,2,46.43,78.52
5,0,28.92,103.8
4,1,49.57,127.1
5,3,23.65,184.39
4,2,29.34,179.25
4,1,34.35,103.25
2,2,53.1,72.92
0,0,65.99,0.0
2,5,36.21,180.49
5,2,64.84,105.21
6,1,45.71,134.93
1,2,48.54,69.35
0,1,44.04,25.46
4,3,42.04,145.36
4,5,51.59,162.73
5,5,56.1,255.22
3,5,31.73,165.61
1,1,42.16,43.27
5,5,70.04,121.54
2,2,47.66,101.18
4,3,49.3,129.57
1,2,62.51,105.18
4,2,37.48,109.5
6,1,44.49,169.07
1,1,57.25,26.24
3,2,63.58,54.7
2,0,9.52,28.84
2,6,33.95,51.79
4,4,30.02,193.86
5,0,43.14,97.01
1,1,31.16,56.55
2,0,54.96,44.19
4,0,47.59,80.98
4,3,58.34,155.9
4,4,59.3,153.89
6,3,55.19,177.41
3,0,39.96,58.22
4,1,46.56,118.91
4,1,38.09,150.84
1,2,24.53,63.05
2,4,59.31,253.37
1,0,43.74,14.02
2,1,22.46,67.93
1,1,53.05,41.09
8,1,41.64,191.78
2,0,14.1,41.55
2,4,24.39,124.25
6,3,34.49,210.26
2,2,48.16,87.06
2,2,56.82,94.52
0,3,56.31,102.49
1,2,54.04,49.16
1,2,44.48,85.74
4,5,70.83,188.25
2,2,55.5,117.76
5,2,48.33,191.1
3,3,53.5,148.06
3,1,39.01,48.88
5,1,44.14,113.47
3,3,13.77,149.45
3,0,39.2,46.15
5,1,71.4,158.69
4,4,47.23,237.72
1,3,46.6,111.44
4,2,59.98,160.16
3,4,50.37,145.27
1,2,33.2,74.71
3,1,45.35,65.09
2,2,27.97,73.43
3,2,47.75,119.57
1,1,32.43,55.22
1,6,58.92,240.39
2,2,37.35,77.34
4,4,32.63,211.59
2,3,43.31,140.67
2,4,50.48,201.6
4,1,26.89,81.59
2,4,37.18,141.79
3,1,46.58,93.4
4,1,65.08,139.33
5,0,7.07,116.76
3,1,54.23,80.74
2,3,39.25,143.79
5,0,37.58,72.97
4,3,34.78,99.47
1,0,39.54,21.79
5,2,54.31,89.09
2,3,36.95,149.04
3,5,69.88,110.95
2,2,54.36,41.79
10,1,47.97,172.62
4,5,42.51,183.46
3,1,62.85,98.18
4,5,65.04,278.09
5,3,27.58,144.48
3,0,34.47,23.24
1,0,54.52,27.36
2,2,59.05,109.53
3,3,40.49,92.66
2,2,33.86,100.81
4,0,46.18,85.65
5,1,67.15,143.68
0,3,45.62,131.87
2,2,26.04,85.15
3,5,46.64,104.59
4,4,56.74,211.84
2,1,43.48,40.3
0,2,63.87,51.53
2,2,57.99,117.31
1,3,44.07,116.86
4,1,45.65,93.93
1,2,17.37,68.29
2,3,63.15,152.14
1,0,40.06,26.22
4,2,39.0,159.04
1,2,36.75,116.92
2,2,51.85,110.66
4,1,28.07,119.28
3,1,30.24,99.36
9,4,44.21,356.71
1,1,35.6,46.57
0,2,50.03,52.36
1,0,36.15,17.79
2,1,68.93,84.77
1,1,55.4,15.8
0,1,55.21,0.61
5,0,35.93,73.5
5,1,81.09,153.63
7,2,38.41,261.5
2,0,34.29,25.49
4,1,55.6,102.13
6,2,47.93,177.57
3,2,32.72,93.91
7,1,77.94,156.8
3,4,59.63,155.2
4,2,45.06,142.22
2,4,81.02,110.46
3,1,57.16,76.93
2,2,44.82,93.71
2,4,79.22,78.25
5,2,54.88,122.43
2,5,54.23,226.98
3,2,39.2,146.96
4,1,45.74,108.31
1,1,38.84,35.52
1,1,66.6,54.96
3,2,20.86,71.7
3,1,65.49,68.16
3,2,31.84,119.09
3,4,44.13,245.5
1,2,40.57,51.69
3,5,37.2,156.15
3,3,55.35,151.13
0,4,44.92,131.82
2,1,34.98,70.16
1,1,47.31,47.4
3,2,34.56,111.21
2,1,36.93,69.34
1,3,22.54,54.12
3,2,38.25,79.65
3,0,52.41,92.52
4,0,45.56,52.69
1,0,72.23,24.44
1,2,84.19,97.28
7,2,38.04,217.32
1,1,32.5,51.34
5,3,61.95,181.47
0,1,50.03,25.55
7,2,62.04,212.28
3,1,50.98,103.03
1,2,42.08,58.83
4,2,42.17,131.71
5,1,51.49,169.57
2,2,41.83,78.07
1,0,63.29,18.75
2,3,25.46,116.39
6,1,63.21,135.64
1,3,16.9,52.96
4,4,47.18,183.19
4,1,40.03,141.07
2,5,22.25,97.55
1,0,14.1,21.91
0,3,28.54,60.73
2,3,45.69,125.76
4,2,35.97,158.53
4,1,29.39,117.7
3,0,65.28,62.1
5,5,26.52,229.07
5,0,55.19,65.55
2,0,31.67,26.16
2,1,28.16,70.84
4,2,35.94,153.64
1,1,54.3,30.31
4,5,24.43,188.55
5,1,49.31,114.88
3,2,30.59,158.85
3,3,33.29,87.25
4,1,51.01,128.76
1,1,77.6,37.78
3,1,31.33,66.59
4,2,55.8,136.91
3,1,40.31,64.06
1,2,37.88,97.56
4,2,61.07,92.03
2,4,32.35,170.59
4,1,27.69,128.46
1,3,51.9,96.53
4,3,68.92,203.37
2,3,56.25,158.54
4,3,23.89,177.71
2,0,35.77,44.69
7,0,59.69,183.05
3,2,68.72,56.12
2,2,48.43,83.42
2,0,36.31,21.42
3,1,69.69,90.84
2,0,43.88,32.57
0,1,35.91,31.19
0,1,33.38,28.37
4,0,27.07,82.13
3,1,87.5,76.64
2,2,66.31,81.48
0,5,35.16,125.32
3,0,70.98,40.8
9,0,53.0,81.92
3,3,52.11,164.13
5,6,34.23,207.37
7,2,37.29,291.0
4,1,44.36,97.0
4,1,15.52,125.96
1,1,37.7,40.61
2,2,45.07,122.33
3,2,64.64,118.68
4,1,35.75,103.75
2,0,57.18,52.76
2,2,14.09,79.44
0,5,62.51,107.76
2,4,31.49,151.73
2,1,46.95,43.63
2,3,51.1,114.8
4,2,48.15,119.72
2,2,43.4,70.38
4,3,26.38,161.28
3,1,31.66,56.64
1,6,59.95,200.17
3,5,36.04,216.19
6,2,43.45,151.06
4,3,22.62,210.31
2,2,57.88,77.93
6,0,25.21,137.0
3,0,58.74,57.59
2,1,29.06,65.68
5,3,60.22,194.65
4,2,45.15,130.77
2,2,36.62,71.18
4,4,69.01,184.65
2,0,43.97,58.12
1,2,39.57,95.2
3,0,58.64,43.06
2,7,22.79,168.14
3,1,7.09,66.75
5,1,62.37,118.38
3,4,32.46,106.7
2,3,57.97,106.31
0,2,45.69,81.87
2,1,27.54,71.97
2,1,54.11,75.5
5,2,38.85,143.92
1,1,28.84,30.84
1,3,29.23,107.25
2,2,19.01,122.76
2,0,51.05,33.88
3,2,30.97,95.38
1,2,44.48,39.58
2,3,42.27,122.08
1,1,30.88,47.42
0,5,22.16,20.35
4,2,83.01,138.86
2,1,44.27,40.08
3,2,72.35,84.48
4,2,62.47,124.29
4,2,40.18,138.7
6,1,47.71,113.82
3,1,47.28,118.15
4,2,72.66,110.97
1,3,57.45,93.82
4,4,32.89,200.3
5,1,50.27,134.39
0,1,57.06,17.84
1,2,27.37,81.3
5,0,52.41,92.37
5,3,65.18,221.74
5,4,32.14,153.2
3,2,34.21,150.93
3,2,62.41,151.32
5,4,39.69,116.96
4,0,30.27,75.11
2,2,58.23,69.91
1,1,53.65,62.75
3,1,46.42,39.34
3,0,61.87,68.93
5,2,62.93,107.45
5,4,43.76,187.65
4,2,74.61,140.58
2,2,68.75,121.25
1,0,15.24,7.92
4,3,29.55,186.46
2,1,11.17,68.03
2,3,40.13,92.33
3,6,26.83,220.11
1,4,32.79,119.64
3,0,61.36,44.04
3,1,18.68,72.06
10,1,46.95,241.47
2,2,46.86,105.02
2,3,43.76,112.94
3,0,46.96,48.98
9,5,11.52,261.87
3,0,32.86,73.57
2,6,68.15,228.59
2,0,27.05,26.25
2,2,70.0,118.77
2,4,23.9,77.9
2,3,22.09,118.12
4,1,30.72,99.8
1,3,61.94,35.22
0,3,36.81,140.86
2,2,50.18,122.96
7,3,46.1,203.99
2,1,44.18,75.64
2,1,64.11,78.84
3,2,56.57,65.87
3,0,27.86,48.88
2,3,40.87,112.54
4,1,71.15,98.98
5,4,49.79,307.23
4,2,22.38,159.12
2,4,23.44,149.12
5,1,58.35,167.5
2,0,55.54,36.05
2,1,31.18,82.3
4,3,56.21,172.99
4,2,68.99,127.25
2,3,66.87,94.98
6,2,69.06,218.84
3,0,53.33,91.24
7,2,42.34,154.73
1,1,38.96,39.01
1,1,44.74,35.34
2,2,31.86,95.62
0,2,39.61,77.56
4,0,64.13,65.7
5,3,20.86,140.36
2,1,21.89,67.38
1,2,57.46,46.19
2,2,39.75,83.26
9,2,16.12,257.58
3,1,44.08,87.36
2,2,41.94,94.65
6,4,38.53,221.16
5,2,55.29,221.32
1,5,25.0,156.03
1,3,45.19,85.45
4,2,41.84,109.13
0,2,45.57,34.71
1,2,19.02,52.36
1,5,37.16,80.95
2,2,45.3,108.84
6,0,53.12,86.58
2,7,72.7,229.27
8,4,57.09,286.59
2,1,51.92,85.53
1,5,64.07,206.86
3,0,40.44,41.07
2,3,68.31,95.33
2,0,61.79,30.56
1,4,38.31,152.65
4,2,73.86,143.41
3,4,51.7,202.23
1,0,77.89,20.33
2,1,49.55,45.03
2,1,36.57,80.67
2,1,33.49,62.25
4,2,39.66,160.67
8,4,36.43,150.36
5,4,64.07,179.78
2,0,44.57,27.74
4,2,20.79,121.31
2,3,48.2,122.88
3,1,46.88,107.37
3,0,37.97,79.62
6,0,49.01,146.23
7,0,44.34,141.17
3,2,54.51,126.24
3,1,53.62,98.58
2,1,50.47,64.76
2,1,25.52,75.28
1,1,76.79,43.69
4,4,21.66,224.17
3,1,43.07,105.83
1,1,28.58,49.24
4,1,50.95,93.21
1,1,47.08,29.92
5,3,42.47,191.32
4,2,67.77,166.9
3,2,61.63,84.76
5,3,40.09,156.98
0,2,57.06,57.3
1,1,68.47,45.88
1,3,61.52,91.48
4,0,42.96,74.39
2,4,21.15,125.54
6,3,49.87,194.55
1,3,55.03,107.15
4,1,33.46,134.05
4,2,45.34,138.37
1,4,43.76,139.05
2,3,65.82,98.61
3,1,72.81,71.79
8,0,62.63,115.57
0,1,43.72,26.61
1,0,62.22,31.27
3,5,54.73,137.38
1,2,43.88,91.49
4,2,76.39,119.71
4,2,33.93,147.33
0,0,54.06,0.0
1,1,57.59,34.27
6,0,40.69,134.84
5,2,53.39,64.04
2,5,59.18,202.99
3,1,48.67,60.0
7,1,52.09,163.33
1,3,46.58,104.19
4,1,56.96,89.64
3,1,41.57,53.31
2,1,40.32,91.21
2,2,45.31,52.57
3,3,62.76,58.54
6,2,18.79,233.41
4,2,31.36,112.17
1,3,79.14,122.41
3,2,49.13,138.32
3,2,38.89,140.38
1,4,56.92,105.01
2,1,33.22,63.43
1,3,13.46,78.2
2,4,50.32,104.42
4,2,34.04,125.18
0,3,46.52,52.72
2,2,49.94,89.02
0,2,47.13,70.1
5,3,19.37,152.66
1,3,45.39,104.07
1,4,51.67,81.81
1,2,24.0,65.08
5,1,22.21,157.9
2,3,28.96,115.77
2,1,56.2,62.07
2,1,15.03,56.22
1,1,57.45,50.09
2,3,50.88,90.23
1,2,41.14,42.28
8,1,22.79,154.03
10,0,33.05,300.08
3,0,56.73,39.66
3,2,63.85,74.9
5,1,29.53,127.1
0,2,62.13,69.73
2,2,55.29,77.99
3,1,44.9,128.39
1,5,33.93,258.76
0,0,36.28,0.0
1,4,72.34,124.88
2,3,47.68,78.27
0,3,64.95,34.31
6,0,48.62,104.52
5,5,38.21,203.98
3,2,53.76,109.83
3,0,77.37,57.86
1,1,35.34,45.99
2,4,58.71,194.86
6,2,47.86,150.92
2,5,23.26,139.81
5,5,22.92,244.3
5,2,38.22,173.39
2,2,50.21,103.02
5,2,58.18,160.86
5,3,21.44,158.6
4,2,54.79,119.7
4,0,43.22,78.69
1,1,45.05,32.77
0,2,53.83,53.56
1,2,71.19,51.62
1,1,49.55,55.09
4,5,24.65,191.57
1,0,42.19,16.15
4,2,57.78,201.54
3,1,58.28,61.85
1,2,54.99,81.54
7,1,37.35,181.93
2,3,24.48,80.58
7,3,53.84,158.12
3,0,26.79,78.62
4,1,55.4,135.67
3,1,55.4,70.74
3,2,37.98,110.01
2,7,43.31,361.23
3,2,47.98,95.2
3,3,35.78,177.41
4,3,24.27,193.42
2,1,44.41,60.58
1,0,45.98,19.4
3,1,65.42,69.3
5,1,33.27,92.79
5,1,61.03,108.11
1,1,27.79,34.25
1,5,24.83,100.94
5,5,40.49,255.78
2,2,30.89,134.51
9,3,24.62,204.2
1,3,74.16,80.37
5,2,38.23,105.92
7,0,79.67,180.51
4,2,30.08,99.65
4,2,19.37,114.44
2,2,64.37,49.87
5,2,34.1,116.94
4,3,47.08,130.64
7,2,24.67,158.18
3,3,44.43,148.42
5,1,24.43,149.92
5,2,43.89,178.23
2,5,37.89,157.3
4,0,48.45,89.92
2,1,54.39,69.03
4,3,48.62,242.81
0,1,51.77,12.42
3,2,43.36,177.83
5,3,38.47,140.27
3,1,52.05,89.64
2,2,43.33,99.43
2,5,43.9,178.85
5,3,50.97,213.64
1,1,29.5,53.69
1,3,66.44,100.13
3,4,41.26,196.94
4,3,46.86,171.82
1,2,44.33,59.53
7,4,54.79,273.13
1,3,50.09,88.25
2,0,44.25,34.38
2,2,66.73,108.63
5,1,0.0,91.7
3,3,63.64,88.85
2,1,58.8,55.39
4,1,17.46,138.63
2,1,58.94,65.96
2,0,60.88,28.71
5,0,53.43,85.01
2,2,21.61,77.17
4,3,55.24,182.26
0,1,60.11,21.7
8,3,36.42,171.32
1,3,51.62,85.48
5,1,39.7,123.11
2,3,58.28,147.5
5,1,40.3,160.3
1,2,36.3,38.12
4,3,44.41,134.24
3,1,24.88,78.39
3,6,42.92,216.87
2,5,50.43,66.0
2,2,58.05,98.6
2,1,48.73,55.69
5,1,23.51,182.8
4,1,65.28,93.39
2,0,66.54,49.88
4,2,46.69,120.27
6,1,33.72,199.32
6,1,37.03,151.67
2,3,41.95,112.91
1,1,49.18,49.74
2,4,40.43,151.35
2,2,32.12,107.47
4,1,60.35,85.46
2,0,48.86,29.2
3,2,29.21,117.04
3,0,49.37,55.15
4,2,47.43,124.6
2,1,34.23,54.27
2,0,62.93,20.78
2,1,47.02,87.58
1,1,41.75,54.32
4,2,43.75,74.48
1,2,51.66,57.21
4,0,43.92,107.93
7,1,43.79,146.49
4,4,60.99,148.81
2,1,23.72,64.74
2,0,26.23,26.3
6,2,56.65,142.98
1,3,81.24,104.23
2,5,58.15,76.4
3,3,72.96,193.01
2,2,38.48,80.05
6,4,35.44,304.33
3,0,51.85,54.72
3,0,59.3,61.46
4,0,25.33,55.47
0,1,41.8,41.57
3,0,44.59,48.81
4,4,34.82,243.13
8,2,36.57,208.55
3,4,57.65,208.9
1,4,52.05,136.92
4,0,56.98,115.35
1,1,50.05,70.45
3,1,31.9,119.14
1,3,51.35,95.04
6,1,30.72,148.57
3,3,40.32,116.18
3,2,29.46,115.69
5,2,35.84,168.65
6,1,46.36,112.18
1,0,38.14,21.48
3,1,31.75,51.84
2,1,62.07,67.11
3,1,43.21,62.0
3,7,37.08,133.49
3,2,28.76,88.9
1,3,16.92,128.49
1,4,41.67,106.1
1,2,24.33,65.22
4,1,55.68,104.5
1,0,45.44,17.21
2,2,68.38,83.33
1,2,48.35,64.51
3,2,34.1,73.86
1,6,16.8,237.12
2,1,57.1,58.09
2,4,25.52,152.09
4,2,38.88,139.9
3,0,70.11,98.04
1,4,54.16,91.33
4,2,50.85,134.94
2,2,59.16,98.71
3,3,58.61,124.2
4,1,68.71,130.13
2,0,35.97,35.71
3,0,39.35,24.3
4,4,31.16,248.51
2,3,44.51,109.5
2,1,43.02,64.53
3,0,18.68,70.15
8,0,35.19,145.41
5,1,66.59,120.49
2,0,48.66,64.65
3,2,55.73,32.1
2,1,43.19,58.12
0,3,16.69,28.54
3,3,43.07,140.86
2,0,60.63,33.55
4,3,27.21,184.76
1,2,56.21,91.14
3,2,19.47,78.65
3,2,45.3,115.73
2,5,53.17,154.65
2,4,40.32,192.4
4,2,82.09,168.33
3,5,37.6,108.53
4,1,36.32,111.4
2,1,48.07,97.51
2,2,33.68,88.89
2,2,23.38,126.43
6,0,28.53,78.88
0,2,56.37,44.0
2,1,40.43,62.99
4,2,70.53,139.33
1,0,38.38,20.57
3,3,55.66,170.06
4,3,52.66,210.18
2,2,38.16,74.46
2,0,31.82,40.67
3,1,19.02,94.19
5,3,53.3,228.35
4,1,62.97,88.79
2,4,21.15,208.81
1,1,39.44,51.64
4,1,35.0,105.23
7,2,53.27,181.88
8,2,40.07,242.98
4,2,64.84,143.98
4,3,39.23,133.41
2,3,26.45,109.47
3,2,37.97,97.5
3,2,39.62,85.55
2,1,52.89,75.96
5,1,39.4,104.5
4,1,51.6,108.16
2,0,33.14,51.35
5,2,40.58,216.63
2,3,33.22,79.52
3,3,32.3,130.67
4,4,64.12,172.76
1,4,34.27,219.66
6,1,39.79,150.34
3,6,60.67,263.14
1,3,56.25,123.61
1,1,69.62,44.48
2,2,52.24,79.12
2,4,35.99,201.03
2,2,75.86,90.43
6,2,53.73,143.22
0,1,42.68,17.76
4,0,45.86,98.8
4,1,47.69,99.41
5,1,41.45,125.43
4,5,24.36,318.23
3,1,69.4,71.11
3,2,44.67,148.2
4,1,47.75,119.61
3,4,76.17,152.96
5,2,34.75,177.8
2,1,54.83,40.99
5,1,33.12,168.95
1,1,49.82,42.4
1,4,48.02,149.29
3,3,56.86,130.21
3,0,63.12,70.32
3,0,36.31,53.75
3,0,66.25,65.7
1,1,67.31,69.46
4,1,41.25,109.5
7,3,44.9,201.08
2,3,37.58,132.66
1,2,40.42,64.92
4,4,26.95,176.33
5,1,56.66,96.64
1,2,14.25,64.2
3,0,34.54,66.81
4,1,44.31,121.78
1,1,64.5,51.31
7,2,36.82,189.99
2,2,51.42,103.04
4,3,43.79,178.77
1,2,59.18,58.04
2,1,50.63,59.53
4,2,57.45,113.98
4,2,36.74,152.87
3,2,29.79,113.88
5,2,50.51,128.12
1,1,37.68,42.28
5,0,45.45,58.54
3,0,49.76,66.89
1,2,63.63,51.76
8,3,56.8,296.6
2,2,34.78,108.26
1,2,27.82,64.27
4,5,70.61,245.14
2,2,21.26,132.87
5,2,38.21,190.05
2,2,54.68,110.63
2,3,69.58,146.0
0,2,42.16,51.24
4,2,45.41,168.37
1,4,31.87,168.76
3,2,46.9,115.39
4,1,27.75,83.61
6,3,33.75,148.6
4,1,56.46,94.57
6,2,38.5,192.83
4,1,58.76,107.13
5,2,42.7,151.18
2,1,24.47,79.42
4,3,62.53,101.02
4,2,25.27,95.72
1,2,35.97,117.97
2,2,42.0,123.66
4,1,60.09,116.2
2,3,37.1,63.61
5,2,31.1,95.53
1,2,47.44,71.72
6,2,41.79,189.87
4,0,37.99,72.64
0,2,48.25,18.49
5,3,26.95,164.95
4,2,19.17,147.52
5,4,77.08,196.99
1,2,46.56,43.13
1,2,47.61,50.0
2,4,33.27,127.59
0,1,58.47,30.24
2,2,37.0,72.63
3,1,3.21,91.72
1,2,36.49,81.45
4,3,40.78,237.14
3,2,42.45,163.12
3,2,42.01,117.9
5,2,35.33,174.33
3,2,33.88,153.74
6,2,40.53,173.54
1,0,20.32,24.82
0,4,15.64,36.83
3,0,46.47,58.45
4,2,46.72,140.02
0,1,58.19,16.06
1,0,41.17,17.83
1,1,27.1,55.74
1,3,15.91,12.01
4,1,31.65,82.51
1,1,51.34,41.82
5,4,66.62,167.9
3,1,45.81,95.3
3,3,26.8,95.99
4,3,31.8,159.9
2,3,32.27,51.79
3,3,38.91,148.1
2,1,61.81,58.86
3,1,62.98,97.81
3,0,42.42,55.89
1,1,47.75,20.97
6,1,33.04,110.71
1,1,19.35,26.76
3,4,71.83,205.25
2,0,10.16,31.29
1,2,17.46,102.33
3,6,71.95,212.3
8,3,45.25,207.05
1,0,28.11,17.96
3,2,55.24,129.62
3,2,56.6,129.88
4,2,25.01,118.31
0,3,37.01,73.91
1,0,58.14,12.97
4,5,32.75,276.08
5,5,49.23,171.47
4,0,66.37,53.79
0,2,9.11,50.88
1,1,39.88,58.85
0,5,48.92,98.37
2,5,18.12,138.15
3,3,37.06,133.86
2,4,60.67,91.31
4,1,34.44,121.37
2,0,22.74,20.26
1,3,61.96,95.82
2,4,51.67,213.32
1,1,43.97,22.68
2,2,43.52,151.35
4,3,60.42,199.04
4,0,49.42,73.65
5,1,54.68,139.5
3,1,34.61,69.27
1,1,16.24,54.45
2,3,54.33,189.65
1,4,61.51,96.02
2,2,41.63,91.48
4,1,58.32,67.89
2,4,39.97,130.82
4,5,43.64,182.88
2,2,71.29,78.35
4,1,40.63,117.36
4,2,39.74,151.28
3,1,16.95,65.25
2,1,55.35,32.8
6,0,34.35,187.45
5,2,47.21,111.07
4,2,40.27,146.0
5,1,38.31,126.35
4,2,43.23,149.61
0,2,44.39,41.49
1,4,62.64,175.01
3,2,67.8,104.64
2,6,54.76,220.12
3,2,64.07,122.78
7,0,57.81,139.22
5,1,52.42,134.21
4,3,66.83,103.5
5,0,25.37,107.52
2,0,34.73,47.66
4,2,32.69,127.91
8,1,40.48,112.79
2,2,55.29,81.35
1,3,28.27,100.2
1,2,52.54,62.7
1,0,36.19,23.48
1,2,39.79,83.0
1,2,48.01,82.01
5,1,70.22,106.81
1,0,34.31,14.32
2,1,43.8,74.97
3,1,28.83,79.94
6,0,34.17,139.34
5,1,28.69,157.82
3,4,48.67,192.58
1,4,51.38,111.14
4,2,55.31,123.56
2,5,33.7,115.76
6,1,52.62,181.4
3,3,46.7,113.6
4,3,44.13,157.1
5,3,26.38,172.12
2,1,47.3,56.81
3,0,47.77,85.27
4,3,46.53,137.78
7,2,51.0,239.31
3,2,55.42,98.08
2,2,28.53,100.22
5,3,41.75,124.74
3,0,52.74,48.71
6,2,40.97,160.32
4,2,59.39,135.37
1,3,46.35,47.8
5,2,15.68,168.49
0,3,57.59,72.52
5,0,43.24,101.54
7,2,18.45,192.97
5,3,41.22,180.47
3,3,25.97,236.28
5,1,56.3,146.88
2,2,44.46,119.43
3,1,31.14,81.23
2,2,57.16,130.9
4,2,51.88,88.29
5,1,41.46,152.6
2,0,26.32,58.04
3,1,32.36,90.39
2,3,32.14,162.92
1,2,56.2,74.6
3,3,19.79,79.84
5,0,44.29,96.02
5,3,41.25,185.25
5,2,60.53,180.87
3,2,48.49,90.91
4,0,53.03,78.23
2,0,37.12,50.75
0,1,26.54,23.46
3,2,40.12,140.23
2,3,56.66,112.7
5,2,56.62,112.01
3,0,38.54,42.84
2,2,32.09,100.53
2,1,29.15,60.87
1,3,42.95,76.64
3,1,47.05,114.13
7,4,67.1,275.92
0,3,46.85,75.1
6,2,54.21,169.29
4,1,33.29,116.92
0,0,45.63,0.0
5,6,47.1,236.67
0,5,42.89,245.89
2,1,44.67,56.07
1,2,46.89,62.07
3,3,52.22,155.92
4,3,62.54,113.49
2,8,11.02,296.51
3,2,61.71,91.09
1,3,19.34,54.82
3,2,49.63,57.23
1,1,80.33,41.06
3,2,44.36,113.33
4,1,47.7,96.01
0,0,40.35,0.0
2,2,55.01,96.29
2,4,50.43,132.01
2,1,34.86,62.65
2,1,43.28,75.83
7,1,28.22,173.0
3,6,43.22,274.72
6,1,38.71,151.47
3,1,47.05,61.48
4,1,34.35,85.27
3,3,41.78,133.53
3,3,45.13,97.77
5,5,46.18,171.93
1,2,49.11,71.8
4,1,42.39,107.3
3,2,33.2,146.34
0,5,46.23,183.96
3,5,42.32,203.97
3,3,60.37,170.61
3,2,62.26,101.47
1,6,24.42,244.23
2,3,54.26,97.16
3,1,57.27,123.46
2,3,24.81,88.85
3,1,53.69,78.85
1,3,58.44,56.6
6,1,30.76,131.52
0,4,41.45,34.83
2,1,47.79,55.17
1,0,53.56,14.57
1,3,30.17,90.32
4,1,62.36,99.58
2,0,14.56,45.06
2,3,64.86,135.52
2,1,53.25,59.26
6,1,35.67,175.06
1,2,57.97,36.25
6,2,29.28,170.41
3,3,46.72,103.64
2,1,48.58,75.1
5,1,48.54,145.47
6,3,32.4,144.56
1,3,37.56,99.24
2,1,46.9,48.93
7,2,34.1,196.92
8,2,49.07,329.61
3,0,35.79,27.29
4,1,60.0,81.62
5,2,68.44,131.46
2,2,40.54,92.02
0,1,58.8,26.47
4,3,41.82,170.02
1,4,30.95,112.31
4,0,38.61,97.75
5,3,46.28,254.89
3,2,18.2,166.65
2,2,54.38,41.41
2,4,46.29,159.17
1,0,60.01,22.96
6,3,54.12,172.61
4,1,46.8,130.81
2,1,39.66,86.49
3,2,67.84,143.33
4,2,77.55,140.23
5,1,39.91,137.58
1,0,60.63,16.81
0,3,34.4,77.26
5,5,36.18,278.53
1,0,39.21,17.98
4,1,55.27,109.56
4,0,28.88,102.44
5,1,68.25,153.12
2,3,59.07,125.97
3,0,54.92,56.84
3,1,40.59,85.9
4,3,57.44,160.06
4,1,1.24,71.97
2,1,51.61,41.04
1,3,47.4,94.7
3,1,16.71,97.91
6,2,51.09,195.69
4,3,53.86,139.44
2,3,17.19,124.21
5,2,27.2,172.06
0,4,75.97,104.38
3,1,42.2,77.52
5,0,59.63,122.09
6,3,61.9,248.17
2,2,50.91,123.6
4,4,60.26,129.7
5,1,13.31,118.67
1,1,41.54,54.78
4,2,0.0,118.86
4,1,18.81,103.06
7,3,36.81,198.69
3,2,35.02,130.62
4,4,45.62,220.19
3,1,44.69,85.09
3,1,47.01,78.45
1,3,47.62,114.44
0,3,49.99,65.64
10,0,30.61,197.16
5,2,34.13,186.66
1,3,44.45,113.22
3,2,44.68,103.44
1,0,28.77,27.79
1,2,61.22,65.68
1,2,55.87,61.84
2,4,32.1,140.49
0,1,41.87,15.71
3,2,75.14,119.94
2,1,47.41,76.49
9,6,50.94,298.81
2,0,35.87,44.13
5,2,40.3,145.01
3,3,67.67,45.87
2,1,46.7,60.27
3,3,43.94,159.54
3,1,45.11,81.71
3,1,83.18,119.45
2,2,45.6,79.75
5,1,32.55,125.55
3,3,35.17,123.72
2,2,56.71,61.5
3,2,23.57,134.76
4,0,51.76,49.91
4,2,34.14,150.94
2,4,17.12,70.34
4,2,30.3,137.47
5,2,45.41,109.91
3,2,65.93,124.77
2,3,58.7,57.28
2,4,40.59,133.63
2,4,59.58,134.21
2,1,39.65,56.08
4,2,23.0,175.17
2,6,45.32,163.99
3,6,22.41,169.21
2,2,56.87,101.11
4,4,57.09,183.0
6,2,31.8,175.1
5,0,47.18,145.16
4,0,47.04,77.36
3,5,58.08,55.3
5,1,26.32,112.45
0,2,53.99,78.9
4,0,25.25,87.74
2,1,56.66,59.73
3,2,60.94,62.39
4,0,34.96,40.01
6,4,63.29,241.22
4,1,21.39,102.06
2,2,61.49,80.46
3,1,66.58,70.93
1,2,50.19,51.37
5,2,42.07,151.24
4,3,49.69,155.49
2,1,35.94,58.35
4,2,84.37,118.53
2,0,36.2,31.75
3,1,64.76,119.58
2,0,33.88,41.48
0,4,68.95,117.49
1,2,75.18,43.43
3,1,50.79,65.64
3,5,49.3,235.3
7,1,30.65,191.39
3,3,28.86,140.47
2,2,49.47,73.96
3,1,66.87,70.63
5,1,36.78,101.66
4,3,78.12,211.88
4,2,35.85,112.26
0,0,48.44,0.0
4,1,48.48,114.86
9,0,43.48,157.13
1,2,14.34,50.57
2,2,35.71,93.49
2,2,47.99,109.55
3,3,43.56,103.49
4,4,54.54,180.21
6,2,56.35,168.87
8,2,41.4,215.24
2,3,30.56,183.24
6,3,68.22,166.96
4,1,24.67,88.0
8,0,36.07,227.95
0,2,32.25,51.22
1,3,56.2,118.33
6,1,64.76,149.4
2,2,42.39,74.89
3,5,48.45,143.58
1,5,51.43,189.83
3,3,72.06,172.71
1,4,18.4,93.31
2,3,56.16,141.71
4,4,50.65,295.36
6,4,39.44,235.08
2,7,49.89,222.69
2,1,56.11,64.64
2,2,53.75,77.45
4,3,77.38,158.09
3,0,46.91,69.92
6,3,45.4,167.45
3,2,42.28,94.53
2,2,53.29,80.37
2,1,44.52,72.18
5,0,45.2,64.16
3,2,45.27,92.06
7,2,42.98,241.23
2,2,35.87,77.84
4,2,51.27,143.34
2,2,40.72,122.73
2,4,54.21,162.69
2,2,46.66,40.94
4,3,39.2,167.33
3,2,68.47,86.89
6,3,43.47,216.3
4,1,54.34,119.41
2,5,34.5,167.19
2,2,14.62,68.25
4,1,36.5,101.81
5,5,12.94,202.01
1,3,41.45,109.36
1,2,67.03,33.11
4,2,31.42,70.63
3,2,13.41,105.78
3,2,67.5,85.8
2,3,37.87,58.52
4,1,44.76,80.76
4,1,56.82,90.71
4,2,52.85,158.23
2,2,56.26,68.9
5,0,58.51,130.51
6,3,18.81,207.45
1,0,23.78,21.0
4,0,62.57,86.08
4,2,33.27,131.53
4,3,34.91,121.48
6,0,26.06,141.33
3,1,38.93,86.22
3,3,39.76,156.06
5,1,30.94,122.57
2,3,29.2,140.93
1,1,49.78,26.68
2,1,32.88,68.85
4,2,35.91,115.68
3,3,12.21,108.9
1,0,74.07,9.98
5,1,59.13,71.54
1,3,37.58,118.03
5,1,31.51,147.53
2,5,45.16,124.24
1,1,44.75,53.28
4,1,25.86,122.29
2,5,6.74,236.11
3,2,37.11,123.8
2,1,21.55,69.34
1,2,47.57,63.43
3,1,47.67,64.02
4,1,30.4,119.05
2,3,36.98,146.65
3,3,71.45,134.72
4,3,56.63,200.19
6,1,38.22,192.49
2,2,79.38,79.18
5,3,27.05,104.35
2,2,32.81,84.47
4,0,43.34,74.91
2,1,22.03,75.83
1,1,71.85,56.84
7,1,47.75,115.84
3,3,33.15,124.28
6,1,51.72,142.59
6,0,47.19,160.9
7,3,40.43,197.42
3,2,26.87,146.05
4,3,23.46,204.73
4,2,77.8,158.77
1,2,24.71,91.08
9,2,70.47,226.81
2,5,32.33,167.16
1,0,56.85,24.44
3,2,51.98,124.93
3,2,54.98,76.71
3,2,55.98,82.86
2,2,20.83,111.47
3,0,34.85,59.51
4,3,24.48,146.31
1,1,47.84,49.5
1,0,25.15,17.04
3,3,15.28,136.19
4,1,41.44,123.91
3,1,11.86,72.99
0,4,48.88,57.67
6,1,26.14,131.9
6,4,32.39,250.41
1,2,10.79,97.43
3,2,69.75,74.3
2,1,23.06,98.29
3,2,39.54,96.38
3,0,18.12,62.46
4,1,32.46,96.18
3,7,71.28,123.79
4,4,49.46,85.66
4,2,34.15,172.94
3,0,44.49,56.34
2,4,36.59,176.77
4,2,43.61,111.21
3,2,56.16,116.59
4,1,40.03,91.92
2,3,48.3,54.36
3,3,48.55,169.02
3,1,40.11,78.23
4,2,33.96,80.17
2,1,37.12,73.83
4,0,55.49,58.36
2,4,56.74,137.16
3,1,27.93,60.02
4,4,41.09,187.32
4,3,33.71,158.59
4,1,57.0,103.72
2,3,37.93,132.51
0,1,78.01,22.29
3,0,48.27,63.22
2,2,62.73,87.8
3,0,29.78,74.32
1,3,45.18,107.5
3,2,54.24,83.05
3,2,29.5,101.48
2,2,45.31,118.68
0,4,60.78,133.73
5,0,40.09,58.21
4,0,32.22,53.05
2,2,72.04,122.7
2,3,27.42,104.54
2,3,47.34,97.51
2,1,34.38,57.32
5,1,30.95,105.68
6,0,56.12,146.4
3,2,41.92,125.07
3,2,51.09,129.64
1,4,11.17,114.45
2,3,52.55,138.31
4,0,34.19,96.66
3,2,16.82,87.68
2,2,73.27,108.67
3,1,54.02,108.79
0,5,48.41,151.28
2,0,63.74,43.92
1,0,48.71,9.21
3,3,33.02,133.26
4,2,42.38,142.1
5,3,34.82,153.45
1,3,37.49,56.23
6,1,26.13,146.66
1,4,30.45,143.56
1,4,58.42,66.05
1,0,49.98,18.19
2,3,37.45,117.87
5,5,29.58,196.79
3,2,38.92,129.87
3,0,19.74,47.86
5,1,46.9,144.03
4,1,59.18,127.92
2,3,80.5,145.42
1,1,28.45,69.4
2,0,58.56,57.4
4,2,34.39,99.85
2,2,28.07,89.27
3,0,28.07,49.23
4,2,47.11,192.63
5,3,31.04,187.72
0,0,35.9,0.0
5,1,38.39,122.44
7,2,33.9,104.9
3,1,32.81,72.63
3,0,8.56,49.72
2,1,46.3,51.57
5,1,46.02,127.35
2,2,33.04,86.85
5,1,50.41,64.27
2,5,65.95,205.25
1,3,45.35,39.21
3,1,64.95,93.7
3,2,78.57,129.84
2,3,82.96,132.14
5,2,27.18,126.32
2,3,27.25,124.36
8,3,38.33,261.03
4,3,46.93,169.5
6,2,68.8,128.74
4,1,54.41,117.38
1,2,26.95,65.19
6,0,35.83,100.04
5,2,44.37,128.49
8,2,22.66,216.83
2,1,45.21,84.81
2,2,27.17,56.3
5,2,20.24,103.02
4,2,30.8,100.52
4,4,51.17,165.99
5,2,51.06,159.32
3,3,46.45,160.34
3,1,59.87,93.37
6,3,58.28,206.02
2,1,48.07,66.51
3,2,46.0,89.45
3,0,46.94,77.82
2,2,42.79,116.3
1,2,12.38,83.08
1,0,62.03,22.05
2,2,50.96,85.81
2,0,26.76,48.08
1,2,66.42,44.63
0,5,36.15,137.95
2,1,43.38,88.23
8,2,60.35,127.8
4,3,48.3,195.62
3,2,65.03,72.7
4,1,39.72,78.93
4,1,70.37,111.69
1,1,33.33,35.28
6,0,64.76,118.39
2,3,11.02,159.81
1,0,28.5,23.78
7,1,49.47,162.55
3,0,38.99,64.12
3,2,43.88,90.73
5,2,45.62,160.99
2,1,27.14,32.82
2,2,28.26,88.85
1,1,48.48,61.22
3,4,35.01,198.67
2,1,65.12,58.5
8,1,42.12,192.27
0,3,55.78,41.31
5,3,51.64,155.73
1,4,35.98,130.66
4,2,15.3,137.38
2,1,62.77,49.6
4,2,30.32,144.56
4,4,38.94,99.2
3,0,42.74,65.9
2,1,44.23,68.19
1,1,59.43,34.93
2,2,45.09,125.94
1,2,43.09,61.39
2,4,60.28,123.62
1,2,54.01,84.46
1,1,33.97,31.79
3,1,27.79,80.41
1,2,32.64,105.74
3,1,44.26,84.66
2,5,26.31,19.44
3,2,46.36,125.67
2,2,43.06,81.66
4,1,6.86,87.48
1,3,23.91,33.86
3,1,1.71,78.92
3,2,39.84,93.4
4,0,61.11,78.04
4,0,16.64,106.94
4,4,25.17,205.19
3,0,42.54,47.13
4,0,29.04,65.59
5,1,28.97,103.96
3,2,53.12,96.6
3,3,37.58,149.57
2,1,22.7,52.71
3,2,13.68,59.9
4,4,78.13,163.19
2,2,61.92,105.16
7,1,38.23,168.04
4,1,46.32,124.16
2,1,37.67,43.47
2,2,52.66,125.22
1,2,32.19,85.91
2,1,36.85,64.29
3,0,51.83,52.97
6,2,66.81,148.09
5,2,56.12,139.54
3,2,63.51,80.94
2,2,40.31,83.18
4,2,35.65,98.19
2,1,15.92,74.66
3,1,46.08,109.96
4,3,50.69,202.23
1,1,40.5,68.29
9,2,33.35,250.97
4,2,63.65,135.74
3,2,54.48,145.22
3,5,64.69,182.61
2,0,30.7,43.43
2,2,34.38,90.31
4,4,63.05,171.5
2,1,44.29,86.33
2,2,36.46,33.96
2,1,37.51,66.19
3,1,44.83,105.72
2,1,60.04,65.51
3,0,42.59,58.12
3,0,56.86,52.89
3,2,52.01,126.57
3,0,31.82,30.31
4,2,31.81,129.54
6,1,38.25,174.7
2,0,24.95,35.11
3,6,37.29,209.69
5,0,67.7,90.35
1,2,44.53,33.56
4,2,33.5,167.76
3,2,73.74,123.04
6,1,31.04,144.47
3,2,30.57,58.97
1,1,63.44,25.35
4,2,54.92,101.48
3,2,43.05,122.41
2,3,57.48,139.24
4,1,49.51,141.07
6,2,27.21,129.36
3,1,9.04,118.03
6,2,36.49,165.34
5,3,61.27,220.28
2,3,38.57,106.67
4,0,51.9,84.83
1,5,47.77,171.76
4,4,19.6,246.5
1,0,38.9,13.82
2,2,50.38,79.35
5,3,33.19,215.26
1,1,39.56,50.87
4,5,50.88,143.98
1,3,46.09,114.53
3,1,60.7,111.25
2,1,50.76,73.96
4,2,30.66,84.31
3,4,37.84,139.54
5,2,45.3,170.26
6,1,65.08,134.28
4,2,37.9,155.17
5,3,19.01,182.23
7,1,51.61,196.89
2,2,33.67,72.72
4,5,25.72,119.45
6,0,45.28,96.3
3,2,59.59,80.66
7,0,36.39,96.08
6,0,52.45,118.89
3,0,55.23,60.91
1,2,56.88,62.49
2,1,34.02,56.63
4,3,28.18,113.52
4,2,30.23,111.02
5,2,56.86,146.82
4,2,55.01,126.78
4,5,30.64,268.99
2,4,76.99,153.42
6,4,28.85,212.1
1,1,59.99,36.55
1,0,67.79,21.11
7,2,46.65,206.68
3,7,33.45,244.33
3,1,33.78,91.82
1,1,41.07,60.1
2,2,61.21,97.16
1,1,27.0,61.46
1,1,17.42,29.55
2,0,50.43,36.76
3,1,53.72,67.86
2,0,74.52,36.88
7,2,24.27,170.14
4,6,42.98,197.2
4,1,62.43,110.3
3,7,46.81,210.34
4,1,42.07,106.2
4,2,56.85,103.41
7,1,36.01,217.24
4,4,57.77,166.16
4,3,26.2,135.6
1,2,22.21,46.97
1,1,40.9,34.31
1,3,6.55,77.78
5,3,46.27,170.73
6,2,19.01,175.1
3,2,49.24,95.29
6,3,47.78,173.67
7,4,43.98,259.07
2,3,51.55,89.04
3,3,48.06,182.98
3,4,40.6,101.01
2,3,72.47,116.01
2,2,50.9,132.08
1,2,56.58,97.68
2,3,61.1,115.27
4,2,55.02,132.23
1,1,75.94,54.74
5,2,47.49,154.13
3,1,44.9,104.91
3,0,35.26,58.68
3,1,41.16,61.31
4,1,34.03,75.52
0,2,55.16,87.87
4,5,31.32,192.02
6,1,46.11,134.5
4,2,53.39,131.48
1,1,47.25,48.52
3,4,31.56,218.14
0,0,55.48,0.0
5,1,43.72,118.33
3,3,1.91,182.73
2,1,30.25,64.88
4,1,66.02,124.3
4,2,67.26,106.2
6,0,52.89,134.66
3,1,56.76,95.9
2,3,33.33,101.33
0,3,41.1,61.93
3,3,63.53,129.1
3,1,51.39,84.78
4,3,45.97,195.17
3,0,42.2,64.76
4,3,62.62,149.06
1,3,61.83,68.39
0,1,54.75,14.6
3,1,45.99,99.45
2,4,39.65,93.21
3,0,55.4,48.21
2,4,28.47,60.98
3,1,31.58,71.9
3,3,23.23,152.34
0,1,63.53,23.15
1,2,34.19,79.87
2,1,51.06,67.17
4,1,43.12,108.55
3,2,88.46,121.65
0,2,51.63,26.64
5,1,17.07,156.02
3,1,62.63,97.37
2,4,39.19,196.18
2,1,41.99,71.25
2,2,34.91,80.46
1,2,47.93,55.16
0,0,47.74,0.0
5,2,35.32,141.45
5,0,37.38,109.65
0,1,46.52,24.8
1,2,9.86,63.7
2,3,23.38,116.1
2,0,70.05,35.81
4,1,49.92,114.59
2,2,37.13,70.44
5,0,19.56,122.23
3,3,44.16,159.06
2,1,59.78,40.69
4,3,84.59,196.62
4,4,73.38,241.89
2,3,31.7,87.48
0,1,37.56,13.12
5,3,22.93,181.62
2,1,32.38,67.02
3,1,41.81,84.18
0,1,39.49,38.94
5,3,75.82,130.13
3,0,25.27,48.17
3,2,44.32,129.41
1,0,14.05,11.9
6,3,49.96,160.08
2,5,24.87,122.29
4,2,61.54,89.29
3,1,40.63,101.06
1,3,23.97,114.78
3,2,13.46,117.94
3,2,30.32,137.36
1,2,48.59,99.06
5,3,51.32,137.54
2,4,37.52,188.89
8,1,58.89,156.26
5,1,27.96,135.46
3,3,1.09,112.29
2,0,49.24,30.27
0,3,64.35,84.87
2,1,64.49,94.99
6,0,25.5,128.71
4,1,36.83,92.5
3,0,55.86,44.16
4,0,35.59,101.42
2,2,46.58,116.27
2,2,34.25,106.41
2,1,28.66,55.44
3,0,31.55,66.85
3,4,59.34,176.6
5,1,45.21,95.85
5,3,64.08,157.32
2,1,52.81,63.96
0,0,69.1,0.0
1,0,57.27,24.53
3,1,56.39,84.78
2,2,43.19,132.95
5,1,90.14,131.54
2,2,46.69,95.89
2,2,15.4,106.58
5,2,49.02,139.38
7,1,30.27,149.18
4,3,60.26,136.79
5,1,55.89,135.02
3,2,42.13,116.31
5,0,31.68,122.72
2,5,47.2,86.5
6,3,35.38,166.35
2,6,56.82,83.38
1,1,53.34,38.94
1,1,89.04,27.26
8,1,38.32,178.45
5,0,40.45,83.64
4,4,42.68,179.12
1,0,43.34,21.94
6,2,60.41,160.76
1,4,40.85,80.34
5,3,74.59,80.18
2,2,53.73,126.13
6,1,37.71,125.75
3,2,33.88,105.37
6,2,60.61,187.12
3,1,45.43,68.95
6,2,45.14,117.87
5,2,36.02,123.31
1,0,44.08,20.24
3,0,35.42,67.05
3,5,65.43,154.98
2,1,55.76,58.38
4,7,42.38,362.18
2,1,42.16,69.75
4,4,46.38,266.82
4,2,44.92,119.1
0,0,30.65,0.0
4,4,16.49,245.06
2,2,33.03,89.54
3,2,43.07,113.41
3,1,33.93,66.95
2,0,57.29,42.42
0,1,41.56,28.91
1,3,73.1,92.61
5,2,36.58,197.72
4,4,47.11,108.64
2,0,40.67,36.81
1,0,51.6,21.69
1,3,60.99,88.41
3,1,54.12,110.21
3,4,14.54,173.79
3,3,52.5,168.27
5,3,29.84,163.37
4,1,40.35,126.03
3,5,55.34,127.32
0,1,28.2,25.58
7,1,62.34,166.41
3,2,39.7,87.95
4,0,77.56,44.21
4,1,46.03,121.59
4,1,70.58,89.03
1,0,62.97,30.31
4,5,35.83,180.47
3,4,25.47,195.05
4,0,46.7,80.62
2,1,36.26,73.11
5,2,68.7,162.02
3,3,41.3,111.81
1,3,40.49,24.0
4,4,24.06,245.36
6,4,51.29,234.81
1,2,27.39,77.55
3,1,51.64,70.19
2,5,53.7,225.12
6,1,33.75,156.98
1,6,59.35,165.3
4,3,40.88,152.89
2,1,22.93,30.57
5,1,68.18,190.85
2,2,31.15,126.45
1,4,52.61,130.66
2,1,51.39,78.75
5,1,50.84,145.17
2,4,50.58,188.23
2,0,30.45,35.23
3,1,70.37,90.69
4,3,59.34,187.55
2,2,52.13,77.44
4,0,25.01,84.49
4,1,30.32,103.24
3,2,54.86,136.85
7,1,14.94,172.27
0,0,50.08,0.0
4,1,25.03,89.62
5,3,31.98,143.23
3,0,23.83,64.73
0,3,48.69,109.41
5,3,61.75,115.9
4,2,50.22,151.65
1,1,51.87,41.47
0,4,47.52,32.05
3,1,55.24,62.01
4,3,52.01,90.74
4,1,4.27,144.78
1,3,58.59,145.15
2,2,57.02,101.82
1,2,39.57,83.22
1,3,15.39,111.76
0,0,48.64,0.0
4,2,49.9,99.35
3,3,38.39,157.31
1,2,47.8,49.63
5,4,61.08,164.74
5,5,80.96,252.71
3,3,47.2,168.69
7,0,50.01,122.74
1,0,32.64,11.08
3,1,37.48,76.71
5,3,42.96,139.48
2,1,62.67,50.5
2,1,57.28,89.5
2,3,73.94,104.83
5,3,22.65,176.44
2,0,25.14,45.21
1,2,61.53,70.12
3,2,66.73,131.91
3,3,45.5,164.38
1,1,0.0,45.43
5,1,33.85,121.98
2,1,50.03,106.65
4,1,31.51,106.36
5,4,47.78,141.39
4,2,73.48,165.35
5,2,66.39,173.75
4,4,57.13,243.68
4,2,44.03,149.99
2,1,37.58,93.22
6,1,56.37,153.28
0,8,45.38,136.35
1,0,45.9,24.18
0,3,21.73,59.37
2,4,34.28,136.12
1,4,56.28,95.59
2,2,28.48,70.69
8,2,48.99,169.01
5,2,51.19,117.98
2,4,52.06,202.94
1,2,53.4,53.66
2,1,54.42,57.86
5,2,35.64,103.98
5,2,22.99,91.81
2,2,31.9,88.07
4,0,55.95,117.74
1,1,26.99,32.34
1,7,29.39,126.26
1,1,29.31,43.57
5,3,17.31,128.9
2,1,27.79,63.07
4,3,60.01,77.59
4,5,34.25,133.71
